F3_Haupteinkaufsstaette,F44_HEK,S3_Bundesland
Netto (Rot),14,Rhineland
Rewe,1,Brandenburg
Rewe,1,LowerSaxony
Aldi Nord,7,Rhine
Rewe,13,Rhine
Rewe,8,LowerSaxony
Andere,7,Bavaria
Aldi Süd,9,Hesse
Edeka,1,LowerSaxony
Aldi Süd,9,Hesse
Norma,7,Bavaria
Lidl,99,Rhine
Rewe,3,Rhine
Andere,1,Berlin
Edeka,5,Berlin
Edeka,7,Bavaria
Aldi Süd,1,Rhine
Edeka,2,LowerSaxony
Alnatura,2,Bremen
Aldi Süd,9,BadenWuttemberg
Kaufland,8,Rhine
Kaufland,4,Berlin
Netto (Rot),2,Rhine
Netto (Rot),5,BadenWuttemberg
Kaufland,8,Brandenburg
Rewe,5,Berlin
Kaufland,5,Brandenburg
Real,9,Rhine
Kaufland,12,Bavaria
Rewe,3,Saxony
Rewe,8,Berlin
Andere,4,LowerSaxony
Kaufland,5,Saxony
Kaufland,13,Bavaria
Edeka,3,Rhine
Amazon,9,Berlin
Aldi Süd,8,Saarland
Lidl,5,Bavaria
Aldi Nord,2,LowerSaxony
Netto (Rot),10,SaxonyAnhalt
Penny,1,Brandenburg
Lidl,99,Bavaria
Rewe,2,Hesse
Edeka,8,BadenWuttemberg
Rewe,6,Schleswig
Rewe,1,LowerSaxony
Rewe,1,BadenWuttemberg
Penny,1,Schleswig
Netto (Rot),12,Rhine
Rewe,13,Rhine
Edeka,99,LowerSaxony
Rewe,8,Hamburg
Aldi Süd,16,Rhine
Lidl,4,Bavaria
Rewe,3,Rhine
Edeka,15,Rhine
Edeka,1,Brandenburg
Aldi Süd,2,Bavaria
Andere,3,Berlin
Netto (Rot),8,Mecklenburg
Rewe,11,SaxonyAnhalt
Lidl,4,Bremen
Netto (Rot),1,Hesse
Edeka,7,Saxony
Netto (Rot),2,Thuringia
Aldi Süd,10,Rhine
Kaufland,1,Berlin
Aldi Süd,12,Rhineland
Edeka,2,Saxony
Aldi Süd,13,Bavaria
Aldi Süd,4,BadenWuttemberg
Rewe,2,BadenWuttemberg
Netto (Rot),1,Rhine
Lidl,2,Hesse
Aldi Süd,2,Saarland
Edeka,12,LowerSaxony
Edeka,5,Hesse
Edeka,8,BadenWuttemberg
Famila,12,Schleswig
Rewe,12,Rhine
Lidl,10,LowerSaxony
Netto (Rot),2,Thuringia
Rewe,14,Hesse
Aldi Nord,13,LowerSaxony
Aldi Süd,2,Rhine
Penny,3,Berlin
Lidl,8,BadenWuttemberg
Edeka,2,Schleswig
Rewe,8,SaxonyAnhalt
Lidl,7,Hamburg
Kaufland,6,BadenWuttemberg
Rewe,1,Saarland
Lidl,14,Rhine
Aldi Nord,9,Berlin
Aldi Süd,4,BadenWuttemberg
Edeka,5,SaxonyAnhalt
Penny,1,Brandenburg
Edeka,12,LowerSaxony
Netto (Rot),12,Hesse
Aldi Nord,99,Schleswig
Edeka,99,Rhine
Lidl,5,Rhine
Tegut,4,Bavaria
Aldi Nord,8,LowerSaxony
Edeka,11,LowerSaxony
Lidl,12,Rhine
Netto (Rot),4,Schleswig
Kaufland,13,LowerSaxony
Kaufland,4,Bavaria
Rewe,4,Rhine
Kaufland,8,LowerSaxony
Lidl,9,BadenWuttemberg
Lidl,12,Rhineland
Aldi Süd,99,Rhine
Edeka,1,Rhineland
Netto (Rot),99,Brandenburg
Norma,1,Bavaria
Real,8,Rhine
Penny,2,LowerSaxony
Famila,9,Hamburg
Aldi Süd,4,Bavaria
Kaufland,4,Rhineland
Netto (Rot),4,Rhine
Aldi Nord,5,Rhine
Lidl,1,Rhine
Lidl,6,Rhine
Lidl,5,Schleswig
Real,99,LowerSaxony
Rewe,6,Thuringia
Aldi Süd,5,Rhine
Netto (Schwarz),1,Bavaria
Rewe,8,Rhineland
Lidl,2,LowerSaxony
Norma,1,Bavaria
Edeka,13,Berlin
Lidl,8,LowerSaxony
Real,99,Mecklenburg
Rewe,4,Bavaria
Lidl,99,Rhine
Lidl,99,Rhineland
Netto (Rot),8,Saxony
Penny,13,Bavaria
Netto (Rot),6,Rhine
Edeka,2,Schleswig
Edeka,3,Bremen
Rewe,4,Rhine
Aldi Süd,2,Rhine
Lidl,9,LowerSaxony
Kaufland,9,LowerSaxony
Kaufland,1,Rhine
Kaufland,7,Rhine
Lidl,5,Mecklenburg
Rewe,9,LowerSaxony
Kaufland,3,Saxony
Edeka,1,Rhine
Lidl,7,Rhineland
Edeka,4,Saxony
Real,12,Saarland
Edeka,99,Rhine
Edeka,1,SaxonyAnhalt
Lidl,8,BadenWuttemberg
Rewe,3,Rhine
Kaufland,7,Thuringia
Netto (Rot),99,SaxonyAnhalt
Rewe,6,Rhine
Penny,16,Saxony
Real,2,Rhine
Edeka,1,Hesse
Edeka,99,BadenWuttemberg
Aldi Nord,2,Bremen
Kaufland,3,Thuringia
Edeka,4,Bavaria
Lidl,7,SaxonyAnhalt
Kaufland,14,Bavaria
Kaufland,1,Saxony
Aldi Süd,13,BadenWuttemberg
Lidl,2,Thuringia
Aldi Süd,11,Bavaria
Edeka,3,LowerSaxony
Netto (Rot),7,Bavaria
Edeka,3,Bremen
Lidl,6,Rhine
Netto (Rot),2,Rhineland
Edeka,6,Saarland
Andere,99,LowerSaxony
Netto (Schwarz),3,Berlin
Netto (Rot),7,Thuringia
Lidl,8,Bavaria
Aldi Süd,11,Bavaria
Aldi Nord,8,Rhine
Netto (Rot),12,Rhine
Lidl,7,Saarland
Aldi Nord,10,Schleswig
Kaufland,13,Rhine
Edeka,2,BadenWuttemberg
Aldi Nord,5,Schleswig
Rewe,8,Hesse
Lidl,9,LowerSaxony
Aldi Süd,8,Rhine
Edeka,1,Saxony
Kaufland,7,Bavaria
Kaufland,5,Saxony
Edeka,12,Hesse
Netto (Rot),6,Saxony
Rewe,99,Bremen
Kaufland,2,Saxony
Aldi Süd,1,Rhine
Netto (Rot),10,Bavaria
Netto (Rot),1,Bavaria
Netto (Schwarz),2,Saxony
Kaufland,8,Thuringia
Netto (Rot),2,Thuringia
Aldi Süd,10,BadenWuttemberg
Andere,10,Thuringia
Edeka,13,Rhine
Edeka,3,Berlin
Norma,8,Saxony
Edeka,15,BadenWuttemberg
Edeka,11,Thuringia
Aldi Süd,99,Bavaria
Edeka,3,Bavaria
Aldi Nord,12,Hamburg
Aldi Süd,6,Thuringia
Edeka,1,BadenWuttemberg
Kaufland,5,Saxony
Edeka,10,Thuringia
Aldi Nord,1,LowerSaxony
Denn's,1,Rhine
Lidl,12,Schleswig
Lidl,1,Rhine
Rewe,4,Rhine
Netto (Rot),1,LowerSaxony
Rewe,11,Rhine
Aldi Süd,9,Rhine
Kaufland,6,Saxony
Rewe,15,Hesse
Kaufland,7,Saxony
Netto (Rot),3,BadenWuttemberg
Edeka,99,LowerSaxony
Rewe,6,Saxony
Aldi Süd,3,Rhine
Edeka,4,Rhine
Penny,3,Hamburg
Lidl,1,Rhineland
Rewe,7,Rhine
Kaufland,2,Rhine
Penny,1,Schleswig
Rewe,99,LowerSaxony
Edeka,10,Schleswig
Rewe,10,Schleswig
Netto (Rot),5,Saxony
Rewe,14,Bavaria
Aldi Süd,99,Rhine
Aldi Süd,8,BadenWuttemberg
Aldi Süd,6,BadenWuttemberg
Aldi Nord,2,Schleswig
Kaufland,4,Saxony
Rewe,3,Schleswig
Penny,7,Rhine
Lidl,4,Bavaria
Aldi Nord,2,Schleswig
Rewe,13,BadenWuttemberg
Rewe,7,Schleswig
Penny,16,BadenWuttemberg
Rewe,3,Rhine
Edeka,15,Hamburg
Edeka,15,LowerSaxony
Rewe,99,BadenWuttemberg
Kaufland,12,SaxonyAnhalt
Kaufland,8,BadenWuttemberg
Edeka,8,LowerSaxony
Edeka,5,LowerSaxony
Edeka,99,LowerSaxony
Rewe,10,Hesse
Kaufland,14,Brandenburg
Budnikowsky,4,Hamburg
Lidl,5,Rhine
Rewe,14,LowerSaxony
Aldi Nord,9,Schleswig
Norma,4,Saxony
Aldi Nord,10,LowerSaxony
Edeka,99,Schleswig
Lidl,99,Saxony
Edeka,3,Berlin
Norma,8,Bavaria
Kaufland,4,Hesse
Edeka,99,Bavaria
Aldi Süd,9,Rhineland
Rossmann,6,Bavaria
Andere,99,BadenWuttemberg
Kaufland,6,Rhine
Andere,99,Rhine
Edeka,2,Bavaria
Kaufland,99,Berlin
Lidl,1,Schleswig
Lidl,1,Hamburg
Penny,4,Rhine
Penny,10,Berlin
Netto (Rot),2,BadenWuttemberg
Kaufland,11,Rhine
Rewe,4,Bavaria
Rewe,7,Rhine
Penny,4,Rhine
Penny,4,LowerSaxony
Aldi Süd,4,LowerSaxony
Netto (Rot),1,Rhine
Lidl,4,Brandenburg
Kaufland,9,Saxony
Rewe,4,Bremen
Globus,4,Saarland
Rewe,11,LowerSaxony
Edeka,6,Brandenburg
Lidl,4,Bavaria
Real,6,BadenWuttemberg
Lidl,1,Mecklenburg
Aldi Süd,99,Rhineland
Edeka,6,Bavaria
Lidl,13,Hamburg
Edeka,5,BadenWuttemberg
Edeka,3,Bavaria
Rewe,14,Rhineland
Netto (Rot),15,Brandenburg
Lidl,1,Thuringia
Netto (Rot),12,LowerSaxony
Edeka,9,LowerSaxony
Edeka,99,Schleswig
Kaufland,3,Bavaria
Aldi Süd,99,Rhine
Rewe,99,Bavaria
Edeka,6,Mecklenburg
Lidl,3,Saxony
Edeka,14,Rhine
Aldi Süd,5,Rhine
Lidl,5,Rhine
Kaufland,99,Saxony
Aldi Süd,1,Bavaria
Klaas+Kock,3,Rhine
Rewe,14,Bavaria
Penny,1,Schleswig
Rewe,9,Rhine
Netto (Rot),14,Rhine
Tegut,1,Hesse
Netto (Rot),1,Rhine
Edeka,3,BadenWuttemberg
Real,8,Rhine
Lidl,8,Bavaria
Penny,2,Rhine
Rewe,3,Rhine
Lidl,10,Hesse
Rewe,99,Rhine
Rewe,99,Hamburg
Rewe,5,Rhine
Kaufland,6,BadenWuttemberg
Edeka,2,Rhineland
Rewe,16,Brandenburg
Edeka,10,Brandenburg
Kaufland,13,Berlin
Rewe,3,BadenWuttemberg
Edeka,13,LowerSaxony
Penny,6,LowerSaxony
Combi,99,Rhine
Edeka,6,Thuringia
Rewe,6,Hesse
Aldi Nord,8,LowerSaxony
Edeka,7,Rhine
Rewe,12,Bavaria
Aldi Nord,16,Hamburg
Aldi Nord,8,Schleswig
Netto (Rot),1,Rhine
Rewe,10,Schleswig
Lidl,4,Rhineland
Rewe,2,LowerSaxony
Netto (Rot),1,SaxonyAnhalt
Netto (Rot),99,Rhine
Rewe,11,Bavaria
Kaufland,2,Brandenburg
Lidl,12,Rhineland
Lidl,11,Bavaria
Real,99,Schleswig
Edeka,8,Rhine
Real,3,SaxonyAnhalt
Penny,8,Hesse
Tegut,12,Thuringia
Kaufland,2,Berlin
Kaufland,8,Thuringia
Aldi Süd,16,Rhine
Edeka,14,Bavaria
Kaufland,3,Brandenburg
Netto (Rot),6,Bavaria
Aldi Süd,5,Bavaria
Kaufland,99,Brandenburg
Lidl,8,BadenWuttemberg
Lidl,6,Schleswig
Aldi Süd,13,Rhine
Kaufland,6,BadenWuttemberg
Rewe,9,Schleswig
Aldi Süd,13,Rhineland
Kaufland,12,Thuringia
Aldi Süd,99,Rhine
Netto (Rot),1,Saxony
Edeka,99,Bavaria
Penny,12,Hamburg
Rewe,14,Rhine
Netto (Rot),1,BadenWuttemberg
Rewe,2,Hesse
Edeka,8,Rhine
Kaufland,11,Mecklenburg
Rewe,16,LowerSaxony
Lidl,5,LowerSaxony
Lidl,6,Bavaria
Kaufland,99,SaxonyAnhalt
Edeka,15,LowerSaxony
Rewe,1,Rhine
Rewe,5,Thuringia
Edeka,13,Bavaria
Lidl,99,Rhine
Netto (Rot),1,Rhine
Netto (Rot),6,Hesse
Lidl,7,Mecklenburg
Rewe,99,Rhineland
Aldi Nord,1,SaxonyAnhalt
Edeka,7,LowerSaxony
Rewe,99,LowerSaxony
Rewe,10,Rhine
Rewe,1,Brandenburg
Netto (Rot),4,BadenWuttemberg
Penny,5,Mecklenburg
Lidl,10,Hesse
Kaufland,3,Brandenburg
Kaufland,2,SaxonyAnhalt
Rewe,1,Saxony
Kaufland,6,Saxony
Lidl,1,Berlin
Aldi Süd,1,Hesse
Rewe,14,Mecklenburg
Aldi Süd,2,Bavaria
Edeka,13,SaxonyAnhalt
Edeka,12,Schleswig
Hit,14,Rhine
Rewe,5,Schleswig
Netto (Rot),7,BadenWuttemberg
Edeka,4,LowerSaxony
Andere,9,Saxony
Kaufland,6,Saxony
Rewe,9,Rhine
Penny,1,SaxonyAnhalt
Lidl,11,Rhineland
Real,4,Rhine
Rewe,1,Rhineland
Kaufland,4,LowerSaxony
Netto (Schwarz),4,Mecklenburg
Rewe,5,Schleswig
Netto (Rot),1,Thuringia
Edeka,4,SaxonyAnhalt
Edeka,99,Rhineland
Aldi Süd,13,Rhineland
Aldi Nord,8,Rhine
Lidl,5,Hesse
Aldi Süd,99,Berlin
Edeka,8,LowerSaxony
Rewe,99,Bavaria
Edeka,99,Schleswig
Real,16,BadenWuttemberg
Edeka,4,LowerSaxony
Norma,1,Rhine
Rewe,2,BadenWuttemberg
Lidl,1,Rhine
Netto (Rot),12,Rhineland
Edeka,5,LowerSaxony
Lidl,15,Saarland
Aldi Nord,4,Schleswig
Kaufland,6,Saxony
Lidl,5,Bavaria
Kaufland,14,Berlin
Lidl,6,Rhine
Aldi Nord,12,Mecklenburg
Lidl,9,Rhine
Rewe,8,Saxony
Penny,9,Schleswig
Lidl,99,Rhine
Lidl,99,BadenWuttemberg
Kaufland,6,Saxony
Edeka,14,Rhineland
Kaufland,1,BadenWuttemberg
Edeka,10,Schleswig
Lidl,8,Rhine
Edeka,2,Bavaria
Rewe,15,Rhine
Edeka,99,Bavaria
Aldi Nord,3,SaxonyAnhalt
Netto (Rot),99,Berlin
Edeka,15,Bavaria
Kaufland,3,Thuringia
Aldi Süd,1,BadenWuttemberg
Netto (Rot),8,Bavaria
Aldi Nord,1,LowerSaxony
Lidl,14,Hamburg
Aldi Nord,7,Saxony
Aldi Nord,8,LowerSaxony
Lidl,1,Hesse
Hit,3,Rhine
Lidl,2,Rhine
Feneberg,12,Bavaria
Rewe,8,Rhine
Edeka,12,Bavaria
Rewe,8,Hesse
Edeka,2,Brandenburg
Edeka,9,Mecklenburg
Kaufland,11,Saarland
Edeka,2,BadenWuttemberg
Edeka,2,Schleswig
Edeka,5,Bavaria
Edeka,99,Mecklenburg
Edeka,99,Bavaria
Penny,4,Saxony
Edeka,1,Hesse
Lidl,5,LowerSaxony
Netto (Rot),1,Rhine
Rewe,99,Thuringia
Rewe,5,Rhine
Rewe,9,Brandenburg
Rewe,10,Hesse
Lidl,1,Brandenburg
Aldi Nord,14,Rhine
Edeka,1,Bavaria
Lidl,6,Rhine
Rewe,2,LowerSaxony
Aldi Süd,99,Rhine
Rewe,1,Saxony
Penny,4,Hesse
Edeka,13,Mecklenburg
Netto (Rot),2,Hesse
Netto (Rot),8,Rhine
Norma,2,BadenWuttemberg
Edeka,4,Bavaria
Kaufland,1,Bavaria
Lidl,4,Berlin
Aldi Nord,4,Schleswig
Aldi Süd,4,Rhine
Lidl,13,Brandenburg
Denn's,1,BadenWuttemberg
Edeka,12,Hesse
Penny,99,BadenWuttemberg
Kaufland,99,Brandenburg
Lidl,2,Hesse
Edeka,6,Bavaria
Rewe,1,Bavaria
Netto (Rot),4,Saxony
Edeka,3,Thuringia
Netto (Rot),4,Bavaria
Aldi Nord,8,Schleswig
Rewe,10,Bavaria
Aldi Nord,2,Thuringia
Aldi Süd,99,Rhine
Kaufland,9,Bavaria
Kaufland,8,Rhineland
Rewe,2,Hamburg
Aldi Nord,8,Brandenburg
Edeka,99,BadenWuttemberg
Aldi Nord,13,Mecklenburg
Edeka,5,Bavaria
Kaufland,1,Thuringia
Lidl,99,Rhine
Edeka,13,Hesse
Aldi Nord,5,SaxonyAnhalt
Netto (Rot),4,Bavaria
Netto (Rot),2,Rhine
Edeka,5,Bavaria
Edeka,16,Bavaria
Penny,1,Thuringia
Rewe,2,LowerSaxony
Kaufland,7,Berlin
Netto (Rot),14,Rhine
Netto (Rot),13,LowerSaxony
Edeka,6,LowerSaxony
Rewe,15,LowerSaxony
Kaufland,8,Rhine
Lidl,6,BadenWuttemberg
Kaufland,7,Thuringia
Edeka,11,Saxony
Rewe,6,Rhine
Aldi Nord,99,Schleswig
Edeka,4,SaxonyAnhalt
Penny,11,Thuringia
Penny,5,Bavaria
Lidl,13,Hesse
Netto (Rot),99,Bavaria
Netto (Rot),2,Berlin
Kaufland,3,Berlin
Lidl,1,Rhineland
Aldi Nord,5,Rhine
Edeka,99,LowerSaxony
Lidl,1,Thuringia
Andere,2,LowerSaxony
Aldi Süd,2,Rhine
Penny,99,BadenWuttemberg
Rewe,1,Rhine
Real,14,Rhineland
Kaufland,1,Rhine
Netto (Rot),1,LowerSaxony
Kaufland,10,BadenWuttemberg
Edeka,16,Bavaria
Tegut,13,Thuringia
Aldi Süd,99,Bavaria
Netto (Rot),4,Mecklenburg
Rewe,2,Rhineland
Andere,10,Saarland
Edeka,6,Rhine
Kaufland,5,BadenWuttemberg
Lidl,10,Bavaria
Rewe,6,BadenWuttemberg
Lidl,6,BadenWuttemberg
Netto (Rot),1,Rhine
Aldi Nord,1,LowerSaxony
Lidl,4,Brandenburg
Edeka,1,Hamburg
Rewe,6,Hesse
Aldi Süd,11,Rhine
Rewe,7,LowerSaxony
Edeka,4,Saarland
Edeka,13,Schleswig
Rewe,7,Rhine
Penny,5,LowerSaxony
Netto (Rot),8,Brandenburg
Aldi Süd,13,BadenWuttemberg
Rewe,99,LowerSaxony
Aldi Nord,4,Schleswig
Famila,9,Mecklenburg
Aldi Nord,99,Schleswig
Real,6,Brandenburg
Kaufland,9,Saxony
Kaufland,4,Thuringia
Aldi Süd,1,Rhine
Netto (Rot),2,LowerSaxony
Edeka,4,Hesse
Edeka,10,Mecklenburg
Lidl,8,Rhine
Lidl,1,BadenWuttemberg
Netto (Rot),2,Thuringia
Aldi Nord,5,LowerSaxony
Edeka,9,Thuringia
Penny,6,BadenWuttemberg
Rewe,6,Thuringia
Rewe,2,Saxony
Aldi Nord,1,Rhine
Lidl,1,Berlin
Edeka,5,BadenWuttemberg
Aldi Nord,7,Hamburg
Lidl,4,Thuringia
Rewe,99,Saxony
Edeka,12,Bavaria
Lidl,3,SaxonyAnhalt
Edeka,1,SaxonyAnhalt
Aldi Nord,3,Rhine
Rewe,1,Hamburg
Edeka,13,Bavaria
Penny,1,Schleswig
Lidl,2,Rhine
Globus,4,Thuringia
Aldi Süd,5,Rhine
Edeka,8,Rhineland
Aldi Nord,7,Saxony
Lidl,6,SaxonyAnhalt
Netto (Rot),1,Rhine
Netto (Rot),2,Hesse
Lidl,2,Mecklenburg
Kaufland,12,Berlin
Kaufland,13,SaxonyAnhalt
Rewe,12,Hamburg
Penny,5,Mecklenburg
Edeka,13,Rhine
Edeka,2,Hamburg
Aldi Nord,10,Brandenburg
Kaufland,9,BadenWuttemberg
Netto (Rot),2,Saxony
Aldi Süd,6,Bavaria
Aldi Süd,2,Rhine
Netto (Rot),10,LowerSaxony
Lidl,3,Schleswig
Kaufland,99,Saxony
Edeka,6,Brandenburg
Aldi Süd,99,Bavaria
Penny,3,SaxonyAnhalt
Edeka,99,LowerSaxony
Aldi Süd,10,Bavaria
Kaufland,99,BadenWuttemberg
Lidl,2,Mecklenburg
Lidl,10,Rhine
Kaufland,10,Saarland
Famila,8,Schleswig
Hit,8,Hesse
Lidl,5,Saarland
Aldi Nord,8,LowerSaxony
Edeka,6,Bavaria
Lidl,1,Schleswig
Lidl,8,LowerSaxony
Rewe,8,Rhine
Netto (Rot),6,Thuringia
Kaufland,6,Bavaria
Lidl,10,Rhineland
Rewe,99,Rhine
Edeka,14,Bavaria
Aldi Nord,9,LowerSaxony
Aldi Süd,8,BadenWuttemberg
Netto (Rot),14,SaxonyAnhalt
Kaufland,14,BadenWuttemberg
Edeka,6,LowerSaxony
Combi,99,Rhine
Edeka,6,LowerSaxony
Real,15,Bavaria
Real,5,LowerSaxony
Rewe,99,LowerSaxony
Rewe,14,Rhine
Penny,1,BadenWuttemberg
Netto (Rot),5,Bavaria
Aldi Süd,10,Rhine
Rewe,2,Mecklenburg
Netto (Rot),1,Bavaria
Edeka,8,Bavaria
Rewe,99,Rhine
Lidl,3,Saxony
Lidl,13,Rhineland
Edeka,14,Berlin
Lidl,1,LowerSaxony
Kaufland,2,Brandenburg
Edeka,10,LowerSaxony
Kaufland,4,Hesse
Netto (Rot),7,Rhine
Rewe,99,Rhine
Edeka,5,Rhine
Rewe,12,Rhine
Aldi Süd,99,Saxony
Kaufland,8,Bavaria
Edeka,2,Saxony
Edeka,8,Rhine
Markant,3,LowerSaxony
Lidl,9,Hesse
Edeka,5,Hamburg
Kaufland,12,Saarland
Edeka,3,SaxonyAnhalt
Kaufland,2,Brandenburg
Penny,5,Rhine
Aldi Nord,7,Schleswig
Kaufland,99,Berlin
Edeka,1,Rhine
Rewe,7,LowerSaxony
Lidl,6,Brandenburg
Netto (Rot),8,Thuringia
Edeka,9,Schleswig
Aldi Süd,5,Hesse
Kaufland,8,Saxony
Andere,6,Saxony
Netto (Rot),4,Berlin
Lidl,13,Saxony
Edeka,12,Rhine
Aldi Nord,2,Berlin
Lidl,1,Rhine
Lidl,4,Hesse
Aldi Süd,15,Rhine
Kaufland,6,Saxony
Lidl,6,LowerSaxony
Kaufland,3,Saxony
Edeka,99,LowerSaxony
Aldi Süd,99,BadenWuttemberg
Rewe,8,Rhine
Aldi Süd,1,Hesse
Lidl,99,Saarland
Real,12,Rhine
Edeka,3,SaxonyAnhalt
Lidl,7,Schleswig
Lidl,9,Saxony
Real,99,Saxony
Kaufland,8,Thuringia
Netto (Rot),1,Rhine
Rewe,7,Berlin
Lidl,7,Hamburg
Andere,7,LowerSaxony
Edeka,7,Rhine
Real,14,Rhine
Lidl,1,SaxonyAnhalt
Edeka,10,Rhine
Kaufland,12,Schleswig
Rewe,4,Rhine
Penny,99,LowerSaxony
Andere,1,Berlin
Edeka,99,Bavaria
Penny,1,Bremen
Edeka,13,LowerSaxony
Kaufland,12,Thuringia
Edeka,7,Rhine
Real,6,Rhine
Aldi Süd,4,Rhine
Kaufland,8,BadenWuttemberg
Kaufland,4,Bavaria
Edeka,99,Hesse
Edeka,10,BadenWuttemberg
Lidl,99,Saxony
Edeka,99,Saxony
Lidl,6,BadenWuttemberg
Edeka,7,Thuringia
Lidl,4,Schleswig
Kaufland,2,BadenWuttemberg
Penny,14,Bavaria
Aldi Nord,5,Mecklenburg
Edeka,6,Rhine
Lidl,14,Bavaria
Aldi Süd,6,Rhine
Penny,1,Rhine
Rewe,14,Rhineland
Kaufland,3,Bavaria
Edeka,7,Rhine
Aldi Nord,10,Rhineland
Kaufland,3,Rhine
Lidl,8,Schleswig
Netto (Rot),99,Saxony
Penny,4,Rhine
Andere,2,Saxony
Kaufland,10,Saxony
Penny,7,BadenWuttemberg
Real,16,Hamburg
Edeka,2,Hesse
Kaufland,99,Rhine
Lidl,3,Hesse
Aldi Nord,14,Saxony
Rewe,5,Rhine
Edeka,1,Bavaria
Netto (Rot),4,Bavaria
Edeka,13,Rhine
Norma,2,Bavaria
Rewe,99,Saxony
Edeka,8,BadenWuttemberg
Netto (Rot),8,Rhineland
Edeka,4,Bavaria
Kaufland,99,Thuringia
Edeka,13,Rhine
Kaufland,4,Saarland
Rewe,10,Rhine
Netto (Rot),6,Mecklenburg
Rewe,6,Saxony
Rewe,2,Rhine
Netto (Rot),99,Rhine
Kaufland,7,Saxony
Netto (Rot),1,Hesse
Aldi Süd,2,Rhine
Rewe,99,Hesse
Norma,2,BadenWuttemberg
Kaufland,1,Brandenburg
Edeka,11,Rhine
Kaufland,6,Rhineland
Aldi Nord,1,Schleswig
Netto (Rot),3,Brandenburg
Netto (Rot),9,Schleswig
Edeka,99,Bavaria
Rewe,10,Berlin
Kaufland,5,SaxonyAnhalt
Netto (Rot),4,LowerSaxony
Kaufland,7,SaxonyAnhalt
Lidl,13,Bavaria
Netto (Rot),1,Rhine
Edeka,10,Rhine
Kaufland,4,Berlin
Rewe,2,Bavaria
Lidl,4,Rhineland
Globus,13,Saxony
Netto (Rot),99,Bavaria
Lidl,1,Hesse
Rewe,5,Hamburg
Rewe,4,BadenWuttemberg
Rewe,13,LowerSaxony
Rewe,7,Rhine
Aldi Süd,14,Rhine
Netto (Rot),2,Rhineland
Aldi Nord,9,Rhine
Edeka,5,Rhine
Aldi Süd,10,Rhineland
Netto (Rot),99,Hamburg
Edeka,12,LowerSaxony
Globus,14,Saarland
Penny,6,Rhine
Edeka,1,Bavaria
Edeka,1,Thuringia
Rewe,6,Rhine
Real,11,Rhineland
Aldi Nord,16,Hesse
Aldi Nord,99,Berlin
Rewe,12,Thuringia
Aldi Süd,99,Hesse
Aldi Süd,99,Rhine
Lidl,5,Rhine
Lidl,1,LowerSaxony
Aldi Süd,1,Rhine
Edeka,9,Rhine
Edeka,15,Bavaria
Lidl,1,Rhine
Penny,13,Hesse
Lidl,9,Rhine
Edeka,2,Bavaria
Kaufland,14,Brandenburg
Edeka,1,BadenWuttemberg
Lidl,14,LowerSaxony
Lidl,4,Rhine
Edeka,15,BadenWuttemberg
Lidl,9,Rhine
Kaufland,4,Rhine
Rewe,9,Bavaria
Edeka,2,SaxonyAnhalt
Rewe,9,BadenWuttemberg
Edeka,15,Rhine
Aldi Süd,99,Rhineland
Edeka,5,Rhine
Rewe,1,Rhine
Norma,99,Bavaria
Edeka,11,Bavaria
Edeka,16,LowerSaxony
Aldi Süd,99,Bavaria
Lidl,15,Saxony
Rewe,8,Bremen
Rewe,9,Rhine
Kaufland,8,Rhine
Edeka,12,Saarland
Edeka,6,Bavaria
Aldi Süd,16,Rhineland
DM,8,Rhine
Lidl,99,Saxony
Globus,14,Hesse
Kaufland,99,BadenWuttemberg
Kaufland,99,Rhine
Real,13,Hamburg
Edeka,12,Rhine
Kaufland,99,Berlin
Aldi Nord,10,Rhine
Lidl,8,Bavaria
Edeka,4,Rhine
Netto (Rot),3,LowerSaxony
Lidl,11,Bavaria
Aldi Süd,14,Bavaria
Netto (Rot),99,Rhine
Edeka,99,Bavaria
Hit,10,Rhine
Edeka,12,Berlin
Rewe,2,Brandenburg
Kaufland,12,Rhine
Aldi Süd,15,Rhine
Edeka,4,Rhineland
Penny,5,Bavaria
Rewe,8,Schleswig
Netto (Rot),10,Bavaria
Edeka,5,Rhine
Rewe,5,Bavaria
Netto (Rot),3,Rhine
Rewe,15,Bavaria
Aldi Süd,1,Rhineland
Andere,4,Mecklenburg
Aldi Süd,13,Rhine
Aldi Nord,2,Rhine
Penny,99,LowerSaxony
Kaufland,4,Saxony
Rewe,4,Rhine
Netto (Rot),4,Bavaria
Globus,3,Thuringia
Lidl,11,LowerSaxony
Real,14,BadenWuttemberg
Rewe,15,Rhine
Rewe,8,Bavaria
Aldi Süd,16,Bavaria
Aldi Nord,8,Brandenburg
Netto (Rot),1,Brandenburg
Netto (Rot),10,Bavaria
Penny,1,LowerSaxony
Penny,99,SaxonyAnhalt
Aldi Süd,1,BadenWuttemberg
Aldi Süd,13,Hesse
Kaufland,7,Rhine
Rewe,2,Rhine
Lidl,12,Bavaria
Edeka,15,BadenWuttemberg
Kaufland,1,Saxony
Aldi Süd,99,Rhine
Edeka,12,Bavaria
Edeka,6,Berlin
Rewe,9,Hesse
Lidl,3,Saxony
Lidl,13,LowerSaxony
Edeka,6,Rhine
Kaufland,5,Rhine
Aldi Süd,7,Bavaria
Real,7,Rhine
Aldi Süd,10,Bavaria
Edeka,2,LowerSaxony
Lidl,9,Rhineland
Kaufland,1,Berlin
Aldi Süd,11,Rhine
Edeka,14,Bavaria
Kaufland,1,LowerSaxony
Aldi Süd,1,Hesse
Lidl,4,Saxony
Aldi Nord,5,Rhine
Combi,3,LowerSaxony
Kaufland,12,Berlin
Aldi Süd,8,Hesse
Aldi Süd,11,BadenWuttemberg
Kaufland,5,Saarland
Lidl,99,LowerSaxony
Rewe,8,Rhine
Netto (Rot),4,Rhine
Lidl,3,Bavaria
Netto (Rot),8,Bavaria
Andere,14,Hesse
Lidl,11,Rhine
Lidl,11,Berlin
Edeka,99,Saxony
Penny,1,Rhine
Lidl,3,Hesse
Lidl,6,Schleswig
Netto (Rot),2,Rhine
Edeka,6,Rhine
Denn's,4,Berlin
Kaufland,3,Rhine
Kaufland,6,Rhineland
Aldi Süd,1,Saxony
Edeka,8,Berlin
Aldi Nord,9,Brandenburg
Edeka,13,LowerSaxony
Penny,14,Rhine
Aldi Süd,16,Rhine
Kaufland,8,Berlin
Edeka,10,Rhine
Lidl,12,LowerSaxony
Globus,1,Bavaria
Kaufland,4,BadenWuttemberg
Netto (Rot),1,Brandenburg
Netto (Rot),1,Saxony
Netto (Rot),1,Rhine
Lidl,5,Saxony
Lidl,99,Rhine
Edeka,11,Rhine
Rewe,10,BadenWuttemberg
Rewe,2,Rhine
Globus,1,Saarland
Netto (Rot),6,BadenWuttemberg
Lidl,12,BadenWuttemberg
Aldi Süd,15,Bavaria
Penny,2,Rhine
Rewe,1,BadenWuttemberg
Netto (Rot),1,Thuringia
Netto (Rot),4,LowerSaxony
Rewe,6,Hesse
Rewe,14,Rhine
Aldi Süd,14,BadenWuttemberg
Lidl,8,Rhine
Edeka,12,Saarland
Edeka,4,Rhine
Rewe,5,Hesse
Netto (Rot),4,LowerSaxony
Edeka,99,Rhine
Kaufland,10,Saxony
Lidl,1,Rhine
Aldi Nord,3,LowerSaxony
Rewe,12,Bavaria
Real,1,Berlin
Penny,11,Bavaria
Aldi Nord,4,Hamburg
Aldi Süd,9,Bavaria
Edeka,2,Bavaria
Rewe,7,Bremen
Tegut,10,Hesse
Rewe,4,Hamburg
Netto (Rot),99,Rhine
Real,7,Hamburg
Rewe,14,BadenWuttemberg
Rewe,6,Bavaria
Aldi Nord,9,SaxonyAnhalt
Netto (Rot),99,Rhine
Edeka,2,Schleswig
Aldi Süd,8,Bavaria
Edeka,99,Schleswig
Kaufland,5,Bavaria
Rewe,99,Bavaria
Edeka,12,Rhine
Edeka,8,SaxonyAnhalt
Edeka,2,Rhine
Lidl,99,Hesse
Edeka,6,Saarland
Aldi Nord,1,Berlin
Kaufland,10,Bavaria
Real,14,Rhine
Lidl,5,Bavaria
DM,13,Bavaria
Edeka,99,Berlin
Aldi Nord,99,Berlin
Aldi Süd,99,Bavaria
Rewe,3,Rhine
Rewe,14,Rhine
Rewe,6,LowerSaxony
Edeka,1,BadenWuttemberg
Kaufland,4,BadenWuttemberg
Aldi Nord,2,LowerSaxony
Edeka,4,Berlin
Kaufland,6,Saxony
Rewe,16,Bavaria
Netto (Rot),5,Thuringia
Edeka,15,LowerSaxony
Kaufland,4,Rhine
Aldi Süd,14,Rhineland
Edeka,12,Brandenburg
Kaufland,8,BadenWuttemberg
Lidl,99,BadenWuttemberg
Rewe,13,Hesse
Netto (Rot),4,BadenWuttemberg
Kaufland,2,Saxony
Edeka,15,Bavaria
Norma,7,Rhineland
Penny,2,Berlin
Norma,14,Bavaria
Netto (Rot),1,Rhine
Edeka,99,Rhine
Aldi Süd,99,Bavaria
Aldi Süd,2,Rhine
Rossmann,1,Rhine
Rewe,4,Saxony
Netto (Rot),1,LowerSaxony
Rewe,12,Rhine
Andere,8,Brandenburg
Kaufland,8,Bavaria
Norma,99,Bavaria
Real,13,BadenWuttemberg
Kaufland,5,Saarland
Edeka,10,Hamburg
Edeka,3,Rhine
Aldi Süd,15,Hesse
Real,9,BadenWuttemberg
Netto (Rot),1,Mecklenburg
Lidl,13,BadenWuttemberg
Lidl,99,Schleswig
Edeka,99,Rhine
Kaufland,2,LowerSaxony
Kaufland,9,Bavaria
Penny,9,Rhine
Kaufland,12,Saxony
Netto (Rot),1,SaxonyAnhalt
Aldi Nord,1,Saxony
Rewe,1,Berlin
Globus,8,Rhineland
Andere,8,Mecklenburg
Kaufland,11,BadenWuttemberg
Kaufland,4,Brandenburg
Edeka,1,Hesse
Aldi Süd,4,BadenWuttemberg
Kaufland,12,Saarland
Lidl,4,LowerSaxony
Rewe,5,Hesse
Lidl,9,Rhine
Penny,9,Rhine
Kaufland,10,Thuringia
Edeka,12,Rhine
Edeka,5,Bavaria
Rewe,4,Bavaria
Rewe,6,Rhine
Lidl,8,Rhine
Real,8,Bavaria
Edeka,1,Rhine
Penny,9,Bavaria
Real,4,Thuringia
Kaufland,1,SaxonyAnhalt
Lidl,3,BadenWuttemberg
Edeka,12,Thuringia
Aldi Nord,4,LowerSaxony
Rewe,2,Rhine
Rewe,9,LowerSaxony
Kaufland,99,Saxony
Aldi Süd,1,Rhineland
Hit,99,Rhine
Kaufland,99,Saxony
Rewe,99,Saxony
Aldi Nord,1,Brandenburg
Edeka,5,Rhine
Hit,7,BadenWuttemberg
Aldi Süd,1,Rhine
Aldi Süd,99,Hesse
Netto (Rot),3,Saxony
Lidl,10,BadenWuttemberg
Edeka,6,LowerSaxony
Edeka,13,BadenWuttemberg
Aldi Süd,4,Rhine
Denn's,10,Bavaria
DM,5,Rhine
Real,4,SaxonyAnhalt
Alnatura,99,BadenWuttemberg
Lidl,10,BadenWuttemberg
Edeka,1,Bavaria
Netto (Rot),8,Mecklenburg
Real,5,Bavaria
Aldi Nord,3,LowerSaxony
Kaufland,4,Berlin
Rewe,12,Bavaria
Aldi Süd,7,Rhine
Lidl,6,Saarland
Netto (Rot),2,Saxony
Edeka,12,Bavaria
Rewe,5,Hesse
Lidl,2,BadenWuttemberg
Edeka,14,Rhine
Andere,99,Saxony
Aldi Süd,6,Hesse
Lidl,6,BadenWuttemberg
Kaufland,4,Rhine
Kaufland,99,Brandenburg
Rewe,11,Bavaria
Rewe,2,Schleswig
Real,9,Rhine
Netto (Rot),99,Saxony
Edeka,99,Saxony
Rewe,5,Hesse
Rewe,3,Hamburg
Kaufland,6,Rhineland
Lidl,13,BadenWuttemberg
Aldi Nord,2,Rhine
Rewe,12,Schleswig
Edeka,6,Hesse
Andere,3,SaxonyAnhalt
Rewe,6,Saxony
Rewe,3,Schleswig
Edeka,2,Bavaria
Lidl,1,Saxony
Rewe,13,LowerSaxony
Rewe,6,Rhine
Edeka,5,Saxony
Netto (Rot),1,Berlin
Lidl,1,Rhine
Rewe,16,LowerSaxony
Rewe,5,Hesse
Edeka,10,LowerSaxony
Aldi Süd,1,Rhineland
Netto (Rot),1,Rhine
nah&frisch,13,Schleswig
Kaufland,9,Saxony
Kaufland,16,Bavaria
Kaufland,2,Rhine
Kaufland,12,Hesse
Rewe,1,BadenWuttemberg
Rewe,1,Mecklenburg
Globus,3,Hesse
Lidl,4,Saxony
Rewe,6,Rhine
Aldi Süd,10,Bavaria
Lidl,13,Bavaria
Andere,1,Rhineland
Andere,16,Bavaria
Famila,5,Mecklenburg
Edeka,5,Hamburg
Aldi Süd,2,Hesse
Lidl,6,Rhine
Aldi Nord,7,Rhine
Edeka,9,BadenWuttemberg
Lidl,2,Bremen
Netto (Rot),12,BadenWuttemberg
Rewe,16,Hesse
Aldi Süd,10,Rhineland
Kaufland,7,Saxony
Rewe,4,SaxonyAnhalt
Rewe,99,Rhine
Edeka,16,BadenWuttemberg
Netto (Rot),2,Saxony
Rewe,12,Rhine
Kaufland,2,Hesse
Edeka,1,Hamburg
Aldi Nord,15,Rhine
Edeka,8,LowerSaxony
Edeka,3,BadenWuttemberg
Edeka,12,Bavaria
Rewe,5,Rhine
Netto (Rot),1,SaxonyAnhalt
Edeka,13,Bavaria
Aldi Nord,11,Saxony
Lidl,5,Rhine
Real,2,Mecklenburg
Netto (Rot),6,LowerSaxony
Edeka,14,Hesse
Lidl,4,BadenWuttemberg
Aldi Nord,1,Rhine
Edeka,9,Bavaria
Real,4,Rhine
Lidl,1,LowerSaxony
Netto (Schwarz),99,Brandenburg
Kaufland,4,SaxonyAnhalt
Rewe,9,Saxony
Edeka,3,Bavaria
Lidl,5,Bavaria
Real,10,Brandenburg
Edeka,14,Rhine
Edeka,4,Bavaria
Aldi Nord,2,Rhine
Rewe,1,Hesse
Lidl,1,Rhineland
Rewe,6,Hesse
Lidl,9,Bavaria
Penny,8,Hamburg
Edeka,12,Bavaria
Rewe,4,Mecklenburg
Netto (Rot),6,LowerSaxony
Penny,11,BadenWuttemberg
Edeka,99,LowerSaxony
Real,12,Bavaria
Edeka,99,SaxonyAnhalt
Aldi Nord,4,Berlin
DM,10,Rhine
Kaufland,6,Berlin
Rewe,15,Rhine
Denn's,10,LowerSaxony
Real,4,Bavaria
Lidl,4,BadenWuttemberg
Real,9,Hesse
Rewe,15,Hesse
Rewe,8,Hesse
Kaufland,12,Rhineland
Edeka,6,Rhine
Real,12,Rhineland
Rewe,99,Rhine
Real,10,Bavaria
Lidl,8,Bavaria
Aldi Nord,99,Rhine
Aldi Süd,13,Rhine
Lidl,6,LowerSaxony
Lidl,2,Hesse
Lidl,2,Saxony
Lidl,3,Berlin
Lidl,13,Rhineland
Edeka,16,Bavaria
Rewe,16,Hesse
Real,14,Rhine
Aldi Nord,1,Rhine
Edeka,14,Thuringia
Lidl,14,Rhine
Real,15,Rhine
Edeka,1,Berlin
Edeka,99,LowerSaxony
Aldi Süd,5,Bavaria
Tegut,6,Hesse
Rewe,14,BadenWuttemberg
Netto (Rot),99,Rhine
Netto (Rot),1,Rhineland
Kaufland,8,Bavaria
Edeka,5,Mecklenburg
Rewe,9,LowerSaxony
Aldi Süd,9,BadenWuttemberg
Aldi Süd,10,BadenWuttemberg
Netto (Rot),8,BadenWuttemberg
Edeka,12,Schleswig
Lidl,2,Rhine
Rewe,6,BadenWuttemberg
Rewe,8,Mecklenburg
Lidl,99,LowerSaxony
Rewe,5,LowerSaxony
Aldi Nord,8,Schleswig
Rewe,3,Rhine
Edeka,11,Bavaria
Kaufland,3,Brandenburg
Netto (Rot),4,Brandenburg
Aldi Süd,2,BadenWuttemberg
Edeka,6,LowerSaxony
Rewe,7,Rhine
Lidl,8,Saxony
Lidl,11,Bavaria
Rewe,6,Bavaria
Real,12,BadenWuttemberg
Lidl,99,Rhine
Aldi Nord,9,Schleswig
Edeka,6,Mecklenburg
Edeka,4,BadenWuttemberg
Kaufland,2,Brandenburg
Norma,7,Brandenburg
Aldi Nord,3,Rhine
Edeka,8,Schleswig
Lidl,8,BadenWuttemberg
Edeka,12,Berlin
Rewe,99,Hesse
Rewe,8,Rhine
Real,6,Rhine
Globus,12,Saarland
Netto (Schwarz),99,Brandenburg
Rewe,8,Bavaria
Netto (Rot),99,LowerSaxony
Netto (Rot),1,Bavaria
Edeka,7,Bavaria
Aldi Süd,16,Rhine
Globus,99,Saxony
Rewe,99,BadenWuttemberg
Rewe,16,Rhine
Netto (Rot),4,Brandenburg
Rewe,99,Rhine
Rewe,99,Rhineland
Norma,5,Bavaria
Edeka,14,Bavaria
Aldi Süd,16,Bavaria
Lidl,1,Hesse
Aldi Süd,6,Bavaria
Lidl,16,LowerSaxony
Lidl,12,Schleswig
Lidl,5,BadenWuttemberg
Aldi Nord,4,LowerSaxony
Aldi Süd,9,Bavaria
Edeka,4,Bavaria
Edeka,6,Rhine
Edeka,4,Rhine
Rewe,99,Bavaria
Edeka,4,Hamburg
Kaufland,12,Saxony
Aldi Süd,15,Rhine
Edeka,9,Hesse
Lidl,99,Bavaria
Amazon,4,Bavaria
Aldi Süd,1,Rhine
Lidl,99,Bavaria
Penny,8,Thuringia
Real,3,Rhine
Rewe,15,LowerSaxony
Penny,9,Brandenburg
Edeka,5,Hesse
Rewe,8,Rhineland
Netto (Rot),3,Berlin
Lidl,6,Brandenburg
Globus,99,Saxony
Aldi Süd,10,Rhine
Netto (Rot),2,Thuringia
Lidl,2,Schleswig
Edeka,10,Bavaria
Aldi Nord,1,Schleswig
Edeka,9,Bavaria
Rewe,14,Rhine
Rewe,2,Berlin
Edeka,12,Bavaria
Aldi Süd,3,BadenWuttemberg
Kaufland,6,Saxony
Kaufland,9,Saxony
Kaufland,14,Bavaria
Norma,1,BadenWuttemberg
Rewe,7,Rhineland
Edeka,4,Thuringia
Rewe,9,LowerSaxony
Lidl,12,Rhineland
Lidl,10,LowerSaxony
Rewe,7,Berlin
Lidl,11,Brandenburg
Edeka,6,Thuringia
Edeka,1,Saxony
Rewe,8,BadenWuttemberg
Rewe,99,Rhineland
Penny,4,Saxony
Lidl,15,BadenWuttemberg
Rewe,8,Hesse
Real,4,BadenWuttemberg
Kaufland,6,Rhine
Aldi Süd,2,Bavaria
Norma,1,Rhine
Real,13,Rhine
Edeka,10,Rhine
Edeka,7,Bavaria
Rewe,8,Bavaria
Rewe,16,Rhineland
Edeka,14,Bavaria
Rewe,13,Bavaria
Penny,1,Thuringia
Aldi Süd,15,Rhine
Lidl,99,LowerSaxony
Kaufland,99,Thuringia
Norma,1,BadenWuttemberg
Aldi Süd,8,Rhine
Rewe,4,Hesse
Edeka,11,Hamburg
Edeka,2,Saxony
Kaufland,6,Berlin
Rewe,4,Berlin
Edeka,1,Bavaria
Rewe,99,Saxony
Rewe,5,BadenWuttemberg
Edeka,8,Hesse
Lidl,6,Saxony
Lidl,11,Hesse
Rewe,7,BadenWuttemberg
Mix Markt,3,Rhineland
Lidl,8,LowerSaxony
Real,13,Bremen
Aldi Nord,99,LowerSaxony
Netto (Rot),12,Saxony
Netto (Rot),10,Bavaria
Famila,8,Schleswig
Penny,1,Bavaria
Edeka,2,Berlin
Kaufland,4,Thuringia
Edeka,2,LowerSaxony
Kaufland,14,Rhine
Rewe,4,Saarland
Netto (Rot),8,LowerSaxony
Netto (Rot),1,Saxony
Kaufland,1,Thuringia
Rewe,9,Bavaria
Edeka,6,Rhine
Netto (Rot),7,Rhine
Kaufland,15,Bavaria
Rewe,4,Hesse
Tegut,8,Rhine
Aldi Nord,8,LowerSaxony
Kaufland,5,Berlin
Kaufland,3,Bavaria
Netto (Rot),15,Rhineland
Rewe,99,Bavaria
Aldi Nord,7,LowerSaxony
Aldi Süd,99,BadenWuttemberg
Penny,9,Hamburg
Netto (Rot),4,Saxony
Aldi Süd,7,Bavaria
Lidl,11,Saxony
Rewe,6,Saarland
Rewe,14,LowerSaxony
Aldi Süd,5,Bavaria
Netto (Rot),1,Bavaria
Penny,5,BadenWuttemberg
Rewe,13,Rhineland
Kaufland,6,Rhine
Real,6,Bavaria
Lidl,99,BadenWuttemberg
Real,5,SaxonyAnhalt
Lidl,9,Mecklenburg
Penny,4,BadenWuttemberg
Lidl,3,Hamburg
Rewe,7,Saxony
Globus,11,Bavaria
Aldi Nord,6,Brandenburg
Edeka,15,Saxony
Netto (Rot),2,BadenWuttemberg
Edeka,4,Berlin
Edeka,16,LowerSaxony
Rewe,8,Bavaria
Globus,12,Saxony
Kaufland,9,Thuringia
Kaufland,1,Bavaria
Edeka,1,Saxony
Rewe,12,Rhine
Rewe,9,BadenWuttemberg
Penny,12,Rhine
Rewe,11,Hesse
Lidl,99,BadenWuttemberg
Netto (Rot),2,Berlin
Edeka,3,Bavaria
Aldi Nord,2,Rhine
Lidl,8,Rhine
Aldi Nord,16,Hamburg
Netto (Rot),1,LowerSaxony
Lidl,99,Bavaria
Real,13,LowerSaxony
Aldi Süd,12,Bavaria
Rewe,7,Thuringia
Globus,14,BadenWuttemberg
Aldi Süd,6,Bavaria
Netto (Rot),13,Saxony
Netto (Rot),1,Saxony
Edeka,11,Rhine
Famila,10,Schleswig
Alnatura,3,Hesse
Netto (Rot),11,Saxony
Edeka,16,LowerSaxony
Aldi Nord,1,Rhine
Kaufland,4,Saxony
Rossmann,11,Thuringia
Rewe,9,Rhine
Edeka,2,Saxony
Tegut,16,Hesse
Netto (Rot),2,Berlin
Penny,3,BadenWuttemberg
Rewe,1,Thuringia
Aldi Nord,11,Hamburg
Rewe,10,Brandenburg
Aldi Nord,14,Rhine
Aldi Süd,10,Hesse
Rewe,16,Hesse
Kaufland,14,Berlin
Kaufland,6,Rhineland
Lidl,99,Bremen
Lidl,2,Hesse
Edeka,10,Bavaria
Kaufland,1,BadenWuttemberg
Rewe,15,Hesse
Edeka,12,Rhine
Netto (Rot),4,Bavaria
Rewe,15,Rhine
Kaufland,11,Thuringia
Real,13,Bavaria
Edeka,4,Schleswig
Rewe,14,Rhine
Globus,4,SaxonyAnhalt
Edeka,8,Bavaria
Kaufland,2,Mecklenburg
Penny,3,LowerSaxony
Edeka,1,Rhine
Lidl,14,Brandenburg
Netto (Rot),8,Bavaria
Combi,7,LowerSaxony
Kaufland,10,Thuringia
Aldi Süd,10,Bavaria
Rewe,2,BadenWuttemberg
Aldi Süd,14,Bavaria
Penny,6,Bavaria
Kaufland,5,BadenWuttemberg
Globus,11,Rhineland
Lidl,10,Thuringia
Rewe,10,Thuringia
Rewe,8,Thuringia
Rossmann,4,BadenWuttemberg
Rewe,7,Hesse
Netto (Rot),3,Berlin
Rewe,14,Rhine
Rewe,16,BadenWuttemberg
Andere,8,Rhine
Lidl,4,Rhine
Kaufland,4,Rhine
Netto (Rot),15,Bavaria
Netto (Rot),11,BadenWuttemberg
Edeka,1,Bavaria
Kaufland,13,LowerSaxony
Kaufland,4,Brandenburg
Edeka,99,Schleswig
Edeka,16,Hesse
Penny,4,Hesse
Rewe,9,Rhine
Edeka,8,Rhine
Rewe,12,Bavaria
Aldi Süd,10,Rhine
Lidl,2,BadenWuttemberg
Edeka,5,Rhine
Andere,6,SaxonyAnhalt
Lidl,4,BadenWuttemberg
Lidl,15,Saxony
Kaufland,99,BadenWuttemberg
Lidl,9,BadenWuttemberg
Rewe,2,LowerSaxony
Aldi Nord,2,Schleswig
Real,7,Rhineland
Aldi Nord,3,Hamburg
Lidl,1,Bavaria
Lidl,2,Hamburg
Edeka,15,Rhine
Netto (Rot),99,SaxonyAnhalt
Aldi Süd,2,BadenWuttemberg
Kaufland,2,BadenWuttemberg
Rewe,5,Bavaria
Edeka,12,LowerSaxony
Rewe,4,Rhine
Andere,1,Saxony
Rewe,9,Bavaria
Kaufland,12,Saxony
Lidl,2,BadenWuttemberg
Rewe,7,Saxony
Kaufland,11,LowerSaxony
Andere,1,SaxonyAnhalt
Netto (Rot),1,Bavaria
Lidl,5,Bavaria
Rewe,5,Hamburg
Rewe,7,Bavaria
Aldi Nord,1,Schleswig
Norma,5,Saxony
Edeka,10,Bavaria
Edeka,99,Hamburg
Netto (Rot),14,Bavaria
Edeka,99,LowerSaxony
Edeka,8,Bavaria
Penny,1,BadenWuttemberg
Aldi Süd,12,Rhine
Rewe,8,Hamburg
Rewe,3,Thuringia
Edeka,8,BadenWuttemberg
Lidl,8,Brandenburg
Lidl,14,Bavaria
Lidl,6,BadenWuttemberg
Edeka,16,LowerSaxony
Lidl,7,Bavaria
Aldi Nord,1,Rhine
Lidl,5,Rhineland
Netto (Rot),1,BadenWuttemberg
Globus,16,Bavaria
Aldi Süd,8,Hesse
Rewe,7,Hesse
Rewe,4,Hamburg
Edeka,12,Rhine
Edeka,15,Rhine
Aldi Süd,14,Rhine
Rewe,9,Rhineland
Netto (Rot),12,Rhineland
Aldi Nord,12,LowerSaxony
Edeka,1,Rhine
Lidl,12,Rhine
Edeka,11,LowerSaxony
Rewe,13,Bavaria
Edeka,5,LowerSaxony
Kaufland,1,Thuringia
Penny,1,Rhine
Rewe,2,Thuringia
Rewe,2,Thuringia
Aldi Nord,3,Hamburg
Netto (Rot),6,Rhine
Kaufland,13,Hesse
Penny,9,LowerSaxony
Aldi Süd,8,Rhine
Aldi Süd,12,Bavaria
Rewe,99,Bavaria
Lidl,9,LowerSaxony
Rewe,99,Bavaria
Kaufland,4,Rhine
Netto (Rot),2,BadenWuttemberg
Lidl,2,Saxony
Edeka,5,LowerSaxony
Penny,10,Schleswig
Denn's,99,Thuringia
Lidl,4,Brandenburg
Aldi Süd,1,Rhine
Edeka,99,Rhineland
Rewe,16,Bavaria
Aldi Süd,9,Rhine
Rewe,4,SaxonyAnhalt
Rewe,8,Rhine
Rewe,12,BadenWuttemberg
Norma,8,Brandenburg
Rewe,2,Hesse
Aldi Süd,99,Bavaria
Penny,99,Rhine
Kaufland,4,Thuringia
Real,2,Rhine
Andere,10,Brandenburg
Tegut,8,Thuringia
Lidl,99,BadenWuttemberg
Penny,5,SaxonyAnhalt
Famila,13,Schleswig
Penny,99,Hamburg
Netto (Rot),3,Saarland
Markant,10,BadenWuttemberg
DM,1,Rhine
Aldi Süd,14,BadenWuttemberg
Denn's,12,Hesse
Lidl,13,Rhineland
Lidl,2,Rhine
Edeka,1,Mecklenburg
Rewe,16,Rhine
Lidl,2,Rhineland
Kaufland,6,Berlin
Netto (Rot),1,Brandenburg
Edeka,7,LowerSaxony
Kaufland,9,Rhine
Norma,1,Bavaria
Edeka,2,Bavaria
Rewe,8,Hesse
Amazon,9,Rhine
Kaufland,4,SaxonyAnhalt
Lidl,13,Rhine
Kaufland,10,Thuringia
Edeka,7,LowerSaxony
Aldi Süd,14,Rhine
Kaufland,8,SaxonyAnhalt
Kaufland,99,Rhine
Aldi Süd,14,Bavaria
Kaufland,12,Berlin
Penny,5,Hamburg
Rewe,4,Saxony
Rewe,5,Rhine
Netto (Rot),6,Brandenburg
Lidl,5,Bavaria
Edeka,9,Rhine
Edeka,15,BadenWuttemberg
Aldi Süd,99,BadenWuttemberg
Netto (Rot),99,Berlin
Kaufland,8,Bavaria
Aldi Süd,5,Bavaria
Penny,1,BadenWuttemberg
Rewe,11,Saxony
Aldi Süd,5,Bavaria
Penny,8,Hamburg
Edeka,9,Rhineland
Penny,14,Schleswig
Rewe,1,Rhine
Aldi Nord,5,Saxony
Real,13,Rhine
Edeka,16,Rhine
Edeka,9,Rhine
Edeka,1,Saxony
Lidl,4,Rhine
Rewe,99,Rhine
Lidl,4,Hamburg
Edeka,4,Hamburg
Kaufland,2,Berlin
Edeka,14,Rhine
Lidl,8,Hesse
Edeka,6,Mecklenburg
Netto (Rot),99,LowerSaxony
Kaufland,8,Berlin
Edeka,1,Rhine
Lidl,13,Hamburg
Kaufland,3,BadenWuttemberg
Edeka,7,Bavaria
Globus,13,Saxony
Rewe,2,Rhine
Norma,4,Thuringia
Penny,3,Schleswig
Edeka,12,Brandenburg
Rewe,99,Mecklenburg
Andere,10,Rhine
Kaufland,12,Brandenburg
Globus,10,Rhineland
Aldi Süd,3,Saarland
Edeka,5,Saxony
Lidl,3,Rhineland
Real,99,Rhine
Rewe,99,Thuringia
Lidl,11,Rhine
Norma,2,Rhine
Lidl,4,Bavaria
Lidl,4,Berlin
Tegut,5,Hesse
Lidl,4,Rhineland
Rewe,13,Bavaria
Lidl,12,BadenWuttemberg
Netto (Rot),2,Saxony
Aldi Nord,1,Rhine
Rewe,6,Mecklenburg
Edeka,1,Bavaria
Andere,4,Saxony
Kaufland,12,Rhine
Rewe,99,Bavaria
Real,12,Hesse
Kaufland,4,Berlin
Edeka,16,Bavaria
Edeka,4,Rhine
Aldi Nord,2,Schleswig
Aldi Nord,12,LowerSaxony
Penny,1,LowerSaxony
Aldi Nord,8,SaxonyAnhalt
Lidl,99,Rhine
Lidl,99,Berlin
Rewe,9,Rhine
Lidl,5,Rhineland
Kaufland,9,BadenWuttemberg
Lidl,99,Rhine
Edeka,3,Bavaria
Lidl,9,BadenWuttemberg
Penny,2,Mecklenburg
Kaufland,2,Rhine
Edeka,11,Mecklenburg
Lidl,1,LowerSaxony
Aldi Nord,13,Hamburg
Rewe,99,Schleswig
Aldi Süd,5,Rhine
Lidl,1,Rhine
Netto (Schwarz),2,Thuringia
Rewe,8,Rhineland
Netto (Rot),8,LowerSaxony
Edeka,8,LowerSaxony
Edeka,11,Bavaria
Aldi Süd,4,Rhineland
Netto (Rot),10,Rhine
Rewe,4,Rhine
Edeka,99,LowerSaxony
Aldi Süd,8,Rhine
Lidl,6,Bavaria
Lidl,16,Hamburg
Lidl,2,Thuringia
Real,5,LowerSaxony
Lidl,10,Mecklenburg
Penny,6,SaxonyAnhalt
Lidl,99,Hamburg
Netto (Rot),7,Thuringia
DM,5,Saarland
Lidl,6,Rhine
Rewe,7,Bavaria
Penny,4,Saxony
Edeka,6,Rhine
Lidl,13,Hesse
Lidl,99,Thuringia
Netto (Rot),15,Hesse
Lidl,1,Bavaria
Kaufland,6,Hamburg
Aldi Süd,99,BadenWuttemberg
Netto (Rot),7,Rhineland
Andere,99,SaxonyAnhalt
Lidl,3,Rhine
Netto (Rot),1,Berlin
Netto (Rot),5,Saxony
Rewe,7,Rhine
Edeka,3,Saxony
Lidl,5,Rhine
Kaufland,10,LowerSaxony
Rewe,16,Hesse
Kaufland,99,Saxony
Aldi Nord,2,Thuringia
Aldi Süd,12,Rhine
Netto (Schwarz),4,Mecklenburg
Edeka,7,BadenWuttemberg
Lidl,6,Hesse
Penny,8,Rhine
Aldi Süd,9,Rhine
Rewe,12,Hesse
Lidl,6,Saarland
Lidl,1,Rhine
Netto (Rot),2,Berlin
Lidl,9,Rhineland
Lidl,5,Bavaria
Kaufland,99,LowerSaxony
Rewe,12,Hesse
Edeka,99,Hesse
Edeka,1,Berlin
Real,9,Rhine
Netto (Rot),6,BadenWuttemberg
Lidl,99,Rhine
Kaufland,3,Brandenburg
Rewe,10,LowerSaxony
Kaufland,99,Saxony
Aldi Nord,2,Hesse
Netto (Rot),8,Bavaria
Lidl,6,Berlin
Edeka,99,SaxonyAnhalt
Globus,6,Thuringia
Lidl,10,Rhineland
Kaufland,10,Saxony
Edeka,99,Bavaria
Netto (Rot),1,Rhine
Lidl,99,Saxony
Rewe,2,Rhine
Aldi Nord,99,LowerSaxony
Jibi Markt,9,Saxony
Kaufland,1,LowerSaxony
Rewe,2,Thuringia
Penny,2,Saxony
Lidl,99,Rhine
Aldi Nord,9,Schleswig
Aldi Süd,8,Hesse
Hit,15,Rhine
Aldi Süd,9,BadenWuttemberg
Penny,2,Saxony
Aldi Nord,4,Rhine
Kaufland,5,Saxony
Aldi Süd,1,Bavaria
Rewe,7,Rhine
Lidl,1,Bavaria
Lidl,99,Hesse
Rewe,9,Rhine
Lidl,3,Brandenburg
Rewe,1,Rhine
Netto (Schwarz),2,Berlin
Penny,1,LowerSaxony
Edeka,15,Bavaria
Rewe,12,Bavaria
Aldi Süd,12,Bavaria
Aldi Süd,99,BadenWuttemberg
Rewe,15,BadenWuttemberg
Hit,8,Rhine
Lidl,13,BadenWuttemberg
Netto (Rot),9,Hesse
Rewe,7,Saxony
Kaufland,9,BadenWuttemberg
Lidl,11,Mecklenburg
Amazon,6,Berlin
Lidl,2,Rhine
Edeka,11,LowerSaxony
Norma,99,Saxony
Aldi Süd,7,Rhine
Lidl,12,Thuringia
Penny,13,BadenWuttemberg
Rewe,8,Schleswig
Rewe,99,Hesse
Edeka,16,Bavaria
Netto (Rot),1,Bavaria
Edeka,6,BadenWuttemberg
Norma,99,Bavaria
Lidl,4,Rhine
Lidl,7,Brandenburg
Rewe,15,Hesse
Tegut,1,Hesse
Lidl,6,Saxony
Rewe,15,Hamburg
Combi,99,LowerSaxony
Netto (Rot),10,Bavaria
Norma,1,Saxony
Netto (Rot),5,Schleswig
Kaufland,10,Hesse
Netto (Rot),10,Thuringia
Lidl,13,Saxony
Aldi Nord,99,Rhine
Rewe,2,Berlin
Rewe,4,Saxony
Rewe,99,Bavaria
Edeka,9,BadenWuttemberg
Lidl,2,Hesse
Rewe,11,Hamburg
Rewe,2,Rhine
Kaufland,99,Saxony
Edeka,15,Bavaria
Netto (Rot),1,LowerSaxony
Penny,13,Bavaria
Rewe,13,Rhine
Lidl,10,LowerSaxony
Netto (Rot),99,Berlin
Kaufland,99,Hamburg
Aldi Süd,99,Rhine
Aldi Nord,1,Rhine
Lidl,13,Saxony
Lidl,13,Rhine
Kaufland,8,SaxonyAnhalt
Aldi Süd,6,Hesse
Edeka,14,Rhine
Edeka,16,Berlin
Andere,11,Bavaria
Netto (Rot),13,Rhine
Combi,99,LowerSaxony
Edeka,1,Rhine
Kaufland,1,Saxony
Edeka,10,Rhine
Edeka,16,Rhine
Norma,5,Bavaria
Lidl,8,Rhine
Edeka,13,LowerSaxony
Rewe,8,Saxony
Kaufland,4,Saxony
Kaufland,3,Rhine
Edeka,14,Bavaria
Rewe,8,Bavaria
Kaufland,4,Brandenburg
Rewe,12,Bavaria
Lidl,99,Thuringia
Kaufland,8,Berlin
Edeka,12,Mecklenburg
Lidl,11,Bavaria
Penny,5,Rhine
Norma,2,Berlin
Lidl,7,Saxony
Real,1,SaxonyAnhalt
Kaufland,4,Saxony
Netto (Rot),4,Mecklenburg
Aldi Nord,1,Rhine
Rewe,16,Rhine
Andere,10,Rhine
Real,6,Mecklenburg
Penny,6,LowerSaxony
Netto (Rot),12,Bavaria
Aldi Süd,11,BadenWuttemberg
Rewe,3,Berlin
Alnatura,6,BadenWuttemberg
Real,6,SaxonyAnhalt
Netto (Rot),8,Brandenburg
Kaufland,8,Bavaria
Edeka,16,Rhine
Rewe,5,Saxony
Rewe,1,Bavaria
Edeka,11,Brandenburg
Andere,13,Bavaria
Penny,12,Schleswig
Lidl,13,Rhine
Rewe,3,Bavaria
Netto (Rot),99,Saxony
Netto (Rot),6,Mecklenburg
Aldi Süd,12,Bavaria
Aldi Nord,3,Berlin
Edeka,9,Bavaria
Netto (Rot),5,Rhine
Penny,11,Bavaria
Lidl,4,Hamburg
DM,1,Bavaria
Andere,1,Mecklenburg
Rewe,7,Bavaria
Aldi Nord,5,Schleswig
Penny,6,Bavaria
Edeka,2,Rhine
Edeka,12,Bavaria
Lidl,8,Rhine
Aldi Süd,99,Hesse
Real,99,Rhineland
Rewe,14,Berlin
Netto (Rot),99,LowerSaxony
Rewe,8,BadenWuttemberg
Lidl,12,Saxony
Edeka,9,Bavaria
Kaufland,4,Saxony
Aldi Nord,2,Berlin
Kaufland,1,Brandenburg
Real,99,Rhine
Lidl,4,Schleswig
Lidl,5,Rhine
Rewe,1,Hesse
Kaufland,3,Brandenburg
Aldi Nord,3,LowerSaxony
Kaufland,12,Bavaria
Aldi Nord,4,Schleswig
Edeka,99,Bavaria
Amazon,1,Hesse
Kaufland,8,SaxonyAnhalt
Netto (Rot),15,Bavaria
Kaufland,5,Saxony
Lidl,4,BadenWuttemberg
Netto (Rot),11,Bavaria
Aldi Nord,5,Saxony
Kaufland,9,Rhine
Rewe,10,Berlin
Kaufland,8,BadenWuttemberg
Edeka,16,Hesse
Real,2,BadenWuttemberg
Lidl,6,Berlin
Netto (Rot),7,Rhineland
Penny,8,Hamburg
Famila,8,Schleswig
Edeka,16,Rhine
Rewe,6,LowerSaxony
Kaufland,7,Hamburg
Netto (Rot),1,LowerSaxony
Rewe,5,Rhine
Rewe,7,Saxony
Lidl,6,BadenWuttemberg
Lidl,1,Berlin
Rewe,7,Bavaria
Aldi Süd,8,BadenWuttemberg
Edeka,8,Rhine
Netto (Rot),8,Rhine
Real,4,Rhine
Rewe,16,Hesse
Lidl,13,Rhine
Penny,4,Berlin
Edeka,12,Bavaria
Edeka,12,Berlin
Kaufland,12,Bavaria
Aldi Nord,6,Hamburg
Kaufland,12,BadenWuttemberg
Edeka,2,Berlin
Edeka,8,LowerSaxony
Aldi Nord,99,Hamburg
Kaufland,14,Brandenburg
Andere,6,LowerSaxony
Netto (Rot),11,Hamburg
Aldi Nord,99,Rhine
Edeka,16,Bavaria
Lidl,99,Brandenburg
Rewe,11,Berlin
Kaufland,6,Saxony
Edeka,99,Berlin
Lidl,4,Rhineland
Edeka,16,Berlin
Rewe,1,Rhine
Aldi Nord,99,Rhine
Rewe,1,Rhine
Edeka,9,LowerSaxony
Edeka,1,SaxonyAnhalt
Lidl,2,Bavaria
Norma,2,Bavaria
Aldi Süd,3,Rhineland
Edeka,6,Bavaria
Kaufland,13,Thuringia
Famila,9,Schleswig
Lidl,6,Bavaria
Netto (Rot),9,Rhine
Rewe,16,Bavaria
Real,7,BadenWuttemberg
Rewe,16,Rhine
Rewe,7,Bavaria
Netto (Rot),8,Rhine
Netto (Rot),1,Hesse
Edeka,5,Berlin
Rewe,14,Bavaria
Aldi Süd,2,BadenWuttemberg
Rewe,4,Berlin
Penny,13,Hesse
Edeka,1,Berlin
Kaufland,4,Saxony
Lidl,2,Bavaria
Rewe,6,LowerSaxony
Penny,2,Schleswig
Rewe,99,Bavaria
Aldi Nord,11,Saxony
Aldi Süd,6,Bavaria
Netto (Rot),11,Rhineland
Aldi Süd,6,Bavaria
Edeka,3,Brandenburg
Netto (Rot),4,Hamburg
Penny,5,Mecklenburg
Netto (Rot),7,Brandenburg
Rewe,5,Rhine
Aldi Nord,13,Hamburg
Aldi Nord,2,Schleswig
Kaufland,9,Berlin
Real,4,Hesse
Aldi Süd,1,Rhine
Netto (Rot),3,Rhine
DM,13,Saxony
Kaufland,1,Saxony
Edeka,9,Thuringia
Lidl,99,Rhine
Aldi Nord,2,Schleswig
Kaufland,10,Saxony
Lidl,9,Rhine
Kaufland,9,Saxony
Edeka,1,Saxony
Lidl,8,Thuringia
Penny,7,LowerSaxony
Edeka,10,Hesse
Kaufland,8,Thuringia
Real,1,Bavaria
Aldi Nord,12,Schleswig
Penny,1,Rhine
Kaufland,16,Brandenburg
Kaufland,6,BadenWuttemberg
Aldi Nord,4,Hesse
Edeka,2,LowerSaxony
Aldi Nord,2,LowerSaxony
Netto (Rot),7,Thuringia
Edeka,5,Saxony
Edeka,8,LowerSaxony
Rewe,9,Bavaria
Rewe,13,Schleswig
Edeka,99,BadenWuttemberg
Edeka,15,LowerSaxony
Rewe,99,SaxonyAnhalt
Rewe,15,Bavaria
Lidl,4,Berlin
Rewe,99,Bremen
Rewe,3,Brandenburg
Edeka,99,Berlin
Edeka,13,Schleswig
Globus,11,Thuringia
Norma,99,BadenWuttemberg
Kaufland,4,Saxony
Netto (Rot),2,Saxony
Rewe,11,Saxony
Lidl,99,Hesse
Kaufland,99,SaxonyAnhalt
Rewe,99,Rhine
Lidl,9,Thuringia
Lidl,6,Bavaria
Famila,1,BadenWuttemberg
Edeka,12,LowerSaxony
Andere,99,Rhine
Rewe,6,Saarland
Netto (Rot),1,Hesse
Rewe,14,Rhine
Netto (Rot),4,Brandenburg
Edeka,10,Schleswig
Edeka,16,LowerSaxony
Lidl,2,Thuringia
Lidl,99,Rhine
Kaufland,8,Brandenburg
Penny,99,Hesse
Aldi Nord,11,Hesse
Kaufland,99,Rhine
Lidl,99,Saxony
Norma,7,Bavaria
Edeka,8,Hamburg
Rewe,10,Bavaria
Kaufland,9,Saxony
Rewe,1,Bremen
Penny,1,LowerSaxony
Rewe,1,Saxony
Lidl,99,Bavaria
Edeka,12,Hesse
Globus,1,Saxony
Rewe,15,Hesse
Globus,9,Rhineland
Rewe,1,Saxony
Netto (Rot),2,Brandenburg
Kaufland,4,SaxonyAnhalt
Aldi Süd,13,BadenWuttemberg
Edeka,2,Rhine
Kaufland,9,Saxony
Rewe,5,Hesse
Aldi Süd,9,Bavaria
Netto (Rot),10,Bavaria
Rewe,10,Brandenburg
Lidl,5,Hesse
Lidl,2,Saxony
Rewe,16,Rhine
Lidl,7,Rhineland
Norma,1,LowerSaxony
Kaufland,12,Berlin
Lidl,4,Saxony
Kaufland,13,Rhineland
Edeka,1,SaxonyAnhalt
Lidl,1,Bavaria
Real,7,LowerSaxony
Netto (Rot),4,Rhine
Edeka,4,Hesse
Real,14,Rhine
Lidl,9,Berlin
Kaufland,10,Bavaria
Netto (Rot),3,Brandenburg
Edeka,14,Rhine
Lidl,7,Rhine
Rewe,15,Rhine
Kaufland,8,Brandenburg
Edeka,15,BadenWuttemberg
Real,1,Berlin
Globus,10,Saarland
Aldi Süd,13,Rhine
Penny,99,Saarland
Netto (Rot),6,Bavaria
Edeka,1,Bavaria
Lidl,16,Rhine
Kaufland,13,Mecklenburg
Kaufland,4,Bavaria
Rewe,5,Bavaria
Lidl,11,Schleswig
Edeka,2,Berlin
Netto (Rot),5,Rhineland
Edeka,3,Rhine
