F3_Haupteinkaufsstaette,F40_1_REDUZIERTER_PREIS_1,F40_2_NIEDRIGPREISE_1,F40_3_PREISLEISTUNG_1,F40_4_PREISVERGLEICH_1,F41_1_WICHTIG_1,F41_2_BESTE_1,F41_3_BESTE_GESAMTQUALITAET_1,F41_4_BESTE_QUALITAET_1,F33_1_AUFFINDBARKEIT_SCHNELLIGKEIT_1,F33_2_AUFFINDBARKEIT_AUSSCHILDERUNG_1,F34_1_PREIS_RICHTIG_1,F34_2_PREIS_ZUORDNUNG_1,F34_3_PREIS_INFORMATIONEN_1
Netto (Rot),5,4,5,5,5,5,5,5,3,1,5,4,4
Rewe,2,2,4,2,5,4,5,5,5,5,5,5,4
Rewe,3,4,4,3,4,5,3,4,3,3,4,3,5
Aldi Nord,5,5,5,5,5,5,5,5,5,5,5,5,5
Rewe,4,3,3,4,4,4,4,3,3,3,5,5,5
Rewe,3,4,2,2,2,3,2,1,4,3,3,4,4
Andere,2,1,3,3,4,3,3,4,5,5,5,5,4
Aldi Süd,5,5,5,5,4,5,5,5,5,5,5,5,5
Edeka,4,4,4,5,5,4,4,4,4,4,4,4,5
Aldi Süd,3,4,4,5,3,4,4,4,4,2,3,4,2
Norma,4,4,4,3,4,4,4,4,5,4,5,4,4
Lidl,4,3,3,4,4,4,4,4,2,3,4,4,4
Rewe,3,3,3,4,3,4,3,3,4,4,4,4,4
Andere,2,2,4,2,4,4,4,4,3,2,3,3,4
Edeka,2,2,4,3,5,4,4,4,5,4,5,5,4
Edeka,3,3,3,3,3,3,2,3,3,3,3,3,3
Aldi Süd,4,3,4,4,4,4,4,4,3,3,1,3,3
Edeka,4,5,4,4,3,4,3,3,4,4,5,4,4
Alnatura,4,3,4,4,5,2,5,4,4,4,5,5,4
Aldi Süd,4,2,4,3,5,4,4,4,4,5,5,5,4
Kaufland,4,2,4,3,5,3,5,5,5,5,5,5,5
Kaufland,4,3,4,4,4,4,4,4,4,3,3,4,3
Netto (Rot),5,3,5,5,4,4,4,4,4,5,4,4,4
Netto (Rot),3,2,4,4,4,4,4,4,5,5,5,5,5
Kaufland,2,2,3,3,5,3,5,5,4,4,5,5,4
Rewe,3,2,3,3,5,4,5,5,4,3,4,4,5
Kaufland,3,4,4,4,3,4,4,3,2,3,4,4,4
Real,1,1,3,3,3,1,4,2,3,3,4,4,4
Kaufland,5,3,5,5,4,4,4,4,4,4,2,3,3
Rewe,2,3,3,3,3,3,4,4,3,2,4,4,3
Rewe,5,3,5,5,5,5,5,5,4,5,5,5,5
Andere,3,2,5,5,5,5,5,5,3,3,3,4,3
Kaufland,2,2,3,2,4,4,4,4,5,4,4,4,4
Kaufland,4,4,5,4,4,4,4,4,5,5,5,5,5
Edeka,1,1,2,1,5,3,4,4,4,3,2,4,3
Amazon,3,4,2,4,5,4,3,4,4,4,4,2,4
Aldi Süd,5,5,5,5,4,5,5,5,5,5,5,5,5
Lidl,2,2,4,4,4,4,4,4,5,4,4,3,4
Aldi Nord,5,5,5,5,3,4,3,3,3,3,5,5,5
Netto (Rot),2,2,3,3,3,2,3,3,4,4,5,4,4
Penny,3,3,3,4,4,4,4,4,4,4,4,4,4
Lidl,5,4,4,5,4,5,3,5,4,3,4,4,3
Rewe,4,4,4,4,4,4,3,3,3,4,4,4,3
Edeka,2,1,4,3,5,5,5,5,3,5,3,3,3
Rewe,3,3,5,5,5,5,5,5,3,4,4,4,4
Rewe,3,2,4,5,4,4,4,3,5,4,5,4,4
Rewe,2,3,4,1,5,4,3,2,3,2,4,2,3
Penny,5,3,5,4,4,5,4,4,4,4,5,4,4
Netto (Rot),5,5,3,5,5,5,3,5,5,4,5,5,5
Rewe,4,2,5,3,5,5,3,5,3,4,3,3,3
Edeka,3,1,5,1,4,3,5,4,3,5,5,5,5
Rewe,4,3,4,4,5,5,5,5,4,4,5,5,5
Aldi Süd,4,4,4,4,5,5,5,5,5,5,5,5,5
Lidl,5,3,4,3,4,4,4,2,4,4,4,3,5
Rewe,1,1,4,1,5,5,5,5,5,5,5,5,5
Edeka,4,3,3,3,4,4,4,4,3,4,4,3,4
Edeka,5,3,5,5,4,5,4,4,5,5,4,4,4
Aldi Süd,3,3,4,4,4,4,4,3,5,5,5,5,5
Andere,3,2,2,2,3,2,3,3,5,3,4,3,3
Netto (Rot),3,2,3,3,3,3,3,3,3,3,2,2,4
Rewe,3,3,3,4,3,3,4,4,3,4,4,5,5
Lidl,4,4,4,4,3,4,4,3,4,3,3,3,3
Netto (Rot),4,4,4,5,4,4,4,4,4,4,4,4,4
Edeka,3,3,4,3,4,4,4,4,4,4,5,5,5
Netto (Rot),4,4,3,4,3,3,3,3,4,4,4,4,4
Aldi Süd,4,4,4,4,3,4,3,3,3,3,4,3,4
Kaufland,5,5,5,5,5,5,5,5,5,5,5,5,5
Aldi Süd,4,3,4,4,5,4,5,5,5,5,4,4,3
Edeka,3,2,4,4,4,4,4,4,2,2,4,3,4
Aldi Süd,3,3,3,4,4,4,4,4,4,4,4,4,4
Aldi Süd,3,2,5,5,5,5,5,5,3,3,4,4,4
Rewe,4,4,3,4,3,4,4,3,5,5,5,5,5
Netto (Rot),3,3,4,4,4,3,3,3,3,3,4,4,3
Lidl,5,4,5,4,5,5,5,5,5,5,5,5,5
Aldi Süd,3,5,5,5,3,4,4,4,4,5,3,3,3
Edeka,4,3,4,4,3,4,4,4,4,4,4,4,4
Edeka,3,3,3,3,3,3,3,3,3,3,3,3,3
Edeka,1,1,3,1,4,3,4,4,3,3,4,4,4
Famila,2,1,3,3,5,3,5,5,4,4,5,5,5
Rewe,5,4,4,5,4,4,4,5,4,4,5,4,4
Lidl,3,5,5,3,5,5,5,5,5,5,5,5,5
Netto (Rot),4,3,4,4,4,4,4,4,5,5,5,5,5
Rewe,3,4,4,4,4,4,4,4,3,3,5,4,4
Aldi Nord,3,3,3,3,3,3,3,3,3,3,3,3,3
Aldi Süd,3,3,2,3,2,3,2,3,4,4,5,4,3
Penny,4,4,4,3,3,4,3,2,4,4,4,4,4
Lidl,3,3,4,4,5,5,4,4,5,5,5,5,5
Edeka,4,3,4,4,4,5,5,5,5,5,5,5,5
Rewe,2,2,5,3,5,4,5,4,4,4,3,4,4
Lidl,4,4,4,3,4,4,4,4,3,4,4,3,4
Kaufland,2,4,3,4,4,4,4,3,2,2,4,2,2
Rewe,4,4,3,4,4,4,5,3,4,5,4,4,5
Lidl,5,4,4,2,3,4,3,3,5,5,5,5,5
Aldi Nord,4,4,4,4,3,3,3,2,4,4,4,4,4
Aldi Süd,4,5,5,5,5,5,5,5,4,4,5,5,4
Edeka,2,4,4,4,4,4,3,3,3,4,4,4,4
Penny,5,5,5,5,5,5,4,4,5,5,5,5,5
Edeka,3,2,3,3,3,3,4,4,4,4,4,5,4
Netto (Rot),5,5,5,5,5,5,5,5,5,4,4,5,5
Aldi Nord,2,2,2,2,4,4,4,3,3,3,4,4,3
Edeka,1,1,4,4,5,5,5,5,5,4,5,5,5
Lidl,3,3,4,3,4,4,4,4,3,4,4,3,4
Tegut,3,3,3,3,4,4,4,4,5,5,5,5,5
Aldi Nord,3,3,4,4,4,4,3,3,3,3,4,3,3
Edeka,3,2,3,3,4,3,4,3,4,4,4,4,3
Lidl,4,3,3,3,3,5,4,4,4,4,4,3,4
Netto (Rot),1,1,1,1,5,5,4,5,5,5,5,5,5
Kaufland,5,5,5,5,2,4,2,3,4,4,4,5,5
Kaufland,5,5,5,5,2,3,3,3,4,4,4,4,5
Rewe,5,2,5,5,5,5,5,5,5,5,5,5,5
Kaufland,3,3,4,4,4,4,4,3,4,3,4,5,3
Lidl,5,5,5,5,5,5,5,5,4,4,5,5,4
Lidl,4,3,3,4,4,4,4,4,5,5,5,5,5
Aldi Süd,4,3,4,4,4,4,4,4,4,3,4,3,4
Edeka,4,3,4,3,3,4,3,3,4,4,4,4,4
Netto (Rot),3,4,5,4,4,5,5,4,4,4,4,4,5
Norma,4,4,4,4,3,3,3,2,4,4,4,4,4
Real,4,4,4,3,3,4,4,4,3,3,3,3,3
Penny,3,5,4,4,4,3,4,3,4,2,4,2,3
Famila,4,4,4,4,4,4,4,4,4,4,4,4,4
Aldi Süd,3,3,3,3,3,4,3,3,5,5,5,5,5
Kaufland,5,5,5,5,5,5,5,4,5,5,5,5,5
Netto (Rot),4,2,3,3,4,3,4,4,4,3,4,4,3
Aldi Nord,3,4,3,3,3,3,3,3,3,2,4,3,4
Lidl,4,4,4,4,2,3,3,2,5,3,5,5,5
Lidl,4,2,5,4,4,3,2,3,4,4,4,4,4
Lidl,5,3,5,4,5,4,3,4,2,5,2,4,2
Real,4,3,4,4,4,4,4,4,4,4,2,2,2
Rewe,3,2,3,3,4,4,4,4,3,3,4,4,3
Aldi Süd,4,3,4,4,4,4,4,4,4,4,4,4,4
Netto (Schwarz),5,5,5,5,3,2,2,3,4,4,2,4,3
Rewe,1,2,1,1,5,4,5,5,5,5,5,4,5
Lidl,5,5,5,5,3,5,4,4,4,2,2,5,5
Norma,5,5,5,5,1,2,3,5,4,4,5,5,5
Edeka,5,4,5,5,4,4,4,4,3,4,4,4,3
Lidl,4,3,4,4,4,4,4,2,5,5,5,5,5
Real,4,3,4,5,5,5,5,4,2,4,5,5,5
Rewe,4,3,3,4,4,4,4,4,5,5,5,5,5
Lidl,5,4,5,5,5,5,5,5,5,5,5,5,5
Lidl,2,2,3,2,4,4,4,4,3,4,4,4,4
Netto (Rot),3,4,4,2,4,4,3,4,3,4,3,4,3
Penny,2,3,3,3,3,3,3,3,5,5,5,5,5
Netto (Rot),5,5,5,5,5,5,5,5,5,5,5,5,5
Edeka,4,4,4,5,4,4,4,4,4,4,4,4,4
Edeka,5,4,5,5,3,5,4,3,5,4,4,4,5
Rewe,3,3,3,3,4,4,4,4,4,4,4,4,4
Aldi Süd,4,3,4,4,5,5,5,5,4,4,4,4,4
Lidl,3,3,5,5,4,5,5,4,5,4,4,4,4
Kaufland,5,4,5,5,4,4,4,4,3,4,5,4,5
Kaufland,5,5,5,5,4,4,4,4,5,5,1,2,3
Kaufland,3,3,4,4,3,3,3,3,5,5,5,5,5
Lidl,4,4,4,4,2,4,2,2,4,4,4,4,4
Rewe,4,3,4,3,3,3,5,3,3,4,3,3,4
Kaufland,3,2,3,3,4,4,4,3,3,4,5,4,4
Edeka,4,3,3,3,2,4,3,2,5,5,5,5,5
Lidl,3,3,3,4,3,3,3,3,4,4,3,4,4
Edeka,5,5,5,5,5,5,5,5,1,1,1,1,1
Real,2,1,4,3,3,3,4,3,4,4,5,4,5
Edeka,2,2,2,4,4,4,4,4,4,4,4,4,4
Edeka,5,4,5,5,5,5,5,4,5,5,4,3,4
Lidl,4,4,3,4,3,3,3,3,5,4,4,4,4
Rewe,5,3,5,5,4,5,5,5,4,3,2,2,2
Kaufland,5,4,5,5,4,5,4,4,5,5,1,2,2
Netto (Rot),4,4,5,5,4,4,5,5,5,3,5,5,5
Rewe,3,2,2,2,4,2,4,3,5,3,4,4,4
Penny,2,2,3,3,4,4,4,4,3,4,5,5,4
Real,5,5,5,5,5,5,5,5,5,5,5,5,5
Edeka,1,1,1,1,4,4,4,4,1,5,1,1,3
Edeka,3,2,4,3,4,4,4,4,4,3,3,3,4
Aldi Nord,4,3,4,4,4,4,4,4,4,4,4,4,4
Kaufland,5,5,5,4,4,4,5,5,5,5,5,5,5
Edeka,1,1,3,2,5,5,5,5,5,4,5,5,5
Lidl,3,2,3,4,3,4,4,3,5,5,5,4,5
Kaufland,4,4,4,5,3,3,3,2,3,3,3,3,3
Kaufland,4,4,3,4,3,4,4,3,5,4,5,4,4
Aldi Süd,2,2,4,4,3,3,4,5,5,5,3,4,4
Lidl,4,4,4,4,4,4,4,4,4,4,4,4,4
Aldi Süd,4,4,5,4,5,3,4,5,4,5,4,4,5
Edeka,2,1,5,3,5,5,5,5,5,5,5,5,5
Netto (Rot),2,2,2,2,4,4,4,4,4,2,5,5,4
Edeka,1,3,5,5,4,4,4,5,5,3,4,5,5
Lidl,3,3,5,5,3,5,5,4,4,5,4,4,3
Netto (Rot),3,4,4,3,4,4,4,4,5,4,5,5,5
Edeka,3,4,3,4,4,4,3,3,4,4,4,4,4
Andere,2,2,4,4,3,4,3,3,4,4,5,5,4
Netto (Schwarz),4,3,3,4,3,2,2,3,3,4,3,4,3
Netto (Rot),4,3,4,4,3,4,4,3,4,4,4,4,4
Lidl,2,2,4,3,5,5,4,5,5,5,5,5,3
Aldi Süd,2,2,1,2,4,4,4,4,5,3,5,5,4
Aldi Nord,3,3,4,4,4,4,4,3,5,5,5,5,4
Netto (Rot),5,5,5,5,4,5,5,5,4,4,5,5,5
Lidl,3,3,5,3,4,4,4,5,4,2,3,3,4
Aldi Nord,5,5,5,5,4,5,5,5,5,5,5,5,5
Kaufland,3,2,4,4,5,5,5,5,4,4,5,5,5
Edeka,4,4,4,4,4,4,3,3,4,4,3,4,3
Aldi Nord,3,3,4,5,5,5,5,4,5,5,5,5,5
Rewe,4,3,4,4,5,5,5,5,4,5,3,3,3
Lidl,4,3,5,4,5,5,3,4,3,4,4,4,4
Aldi Süd,3,3,4,4,5,5,5,4,3,3,3,3,3
Edeka,2,1,2,1,4,4,4,4,4,4,3,3,3
Kaufland,5,4,5,5,3,4,4,4,4,4,3,3,3
Kaufland,3,3,4,4,4,4,4,4,4,4,4,4,4
Edeka,4,2,4,5,4,5,4,3,4,3,4,5,4
Netto (Rot),3,4,4,4,4,4,4,3,5,5,5,5,5
Rewe,2,2,3,2,4,4,4,4,4,3,4,4,3
Kaufland,2,2,3,2,3,3,3,3,4,4,4,4,4
Aldi Süd,5,4,5,5,4,5,5,3,5,5,5,5,4
Netto (Rot),4,3,3,3,3,4,4,4,4,3,4,3,4
Netto (Rot),4,4,4,4,3,3,4,4,4,4,3,3,3
Netto (Schwarz),4,4,5,5,4,4,4,3,3,2,2,2,2
Kaufland,5,5,5,5,5,5,5,5,5,5,5,5,5
Netto (Rot),5,4,4,4,4,4,4,4,4,4,5,4,4
Aldi Süd,5,5,3,4,5,5,5,5,5,5,5,5,5
Andere,3,3,4,4,5,3,4,5,4,4,4,4,5
Edeka,3,2,3,4,3,4,4,2,4,3,4,4,3
Edeka,3,3,4,4,4,4,4,3,4,4,4,4,3
Norma,3,3,4,3,4,3,4,4,4,3,4,4,4
Edeka,3,2,5,4,5,4,5,5,3,3,2,3,3
Edeka,3,4,4,3,4,3,3,4,4,3,3,4,4
Aldi Süd,3,3,3,3,3,3,3,3,3,3,3,3,3
Edeka,5,3,3,4,5,4,5,3,4,5,4,4,4
Aldi Nord,3,1,4,3,4,4,4,4,5,5,5,5,5
Aldi Süd,3,3,4,3,3,3,3,3,3,3,3,3,3
Edeka,5,5,5,5,5,5,5,5,5,5,5,5,5
Kaufland,4,3,3,2,3,5,5,4,4,4,4,3,3
Edeka,4,3,3,3,3,3,3,4,4,4,4,3,4
Aldi Nord,5,5,5,5,5,5,3,4,4,3,2,5,3
Denn's,3,2,3,2,5,5,5,5,4,2,3,3,3
Lidl,4,4,4,4,3,4,4,4,4,4,4,4,4
Lidl,5,4,4,4,4,4,4,4,2,2,4,4,4
Rewe,3,2,4,2,3,4,5,3,5,5,5,5,5
Netto (Rot),5,5,3,5,3,3,2,3,1,3,3,3,3
Rewe,4,3,3,4,4,4,4,4,4,4,4,4,4
Aldi Süd,5,3,5,5,5,5,5,5,5,4,4,4,5
Kaufland,5,4,5,3,5,5,4,3,1,2,3,5,4
Rewe,3,3,4,4,4,3,5,4,4,3,2,4,3
Kaufland,4,4,5,4,4,4,4,4,5,5,5,5,5
Netto (Rot),5,5,4,4,2,3,3,3,3,2,4,4,4
Edeka,4,4,4,4,5,5,5,5,5,5,5,5,5
Rewe,3,3,3,3,3,3,5,5,5,5,5,5,5
Aldi Süd,5,5,5,5,4,4,3,3,5,3,4,4,4
Edeka,2,1,5,3,5,5,5,5,5,5,5,5,5
Penny,2,2,3,3,4,4,4,4,4,4,5,5,4
Lidl,4,3,4,3,4,3,4,4,5,5,4,4,4
Rewe,5,2,4,3,5,3,4,4,5,5,2,3,4
Kaufland,1,3,5,4,3,4,4,3,5,4,5,4,2
Penny,4,5,5,4,5,5,5,4,5,5,4,4,4
Rewe,2,2,5,3,4,4,4,3,4,5,4,4,4
Edeka,3,2,5,5,5,5,5,5,5,5,5,5,5
Rewe,3,3,4,3,3,3,4,3,4,4,3,3,4
Netto (Rot),5,5,5,5,5,5,5,4,5,4,4,4,4
Rewe,2,2,4,4,4,4,3,3,3,2,4,3,4
Aldi Süd,2,2,4,4,4,4,5,5,4,5,5,5,5
Aldi Süd,2,3,5,4,5,5,5,5,4,4,4,5,5
Aldi Süd,4,3,4,4,4,4,3,3,4,4,3,4,3
Aldi Nord,5,5,4,4,4,5,5,4,4,4,4,4,4
Kaufland,4,4,4,4,4,4,4,4,3,3,4,4,3
Rewe,3,3,4,4,5,3,4,4,4,4,4,4,3
Penny,3,3,4,4,4,4,4,4,4,4,4,4,4
Lidl,5,4,4,4,5,5,5,5,4,4,4,4,5
Aldi Nord,4,4,4,5,5,5,5,5,5,3,5,5,5
Rewe,1,1,2,3,4,3,4,4,4,3,4,4,3
Rewe,4,2,2,3,4,3,4,4,3,4,4,3,4
Penny,1,1,3,3,5,4,4,4,4,4,4,4,4
Rewe,3,3,3,5,5,5,5,5,3,5,5,5,5
Edeka,3,3,2,4,5,5,4,4,4,5,3,4,5
Edeka,5,4,5,5,5,5,5,5,5,5,3,4,5
Rewe,4,3,3,4,3,4,5,3,3,3,3,3,3
Kaufland,1,1,3,2,4,4,4,4,4,3,5,4,4
Kaufland,3,2,4,4,4,3,4,4,3,3,4,4,3
Edeka,3,3,5,3,4,5,5,5,5,5,5,5,5
Edeka,3,3,2,2,5,4,4,4,5,4,5,4,3
Edeka,3,5,5,5,4,4,4,4,4,4,3,4,3
Rewe,2,2,4,4,5,5,5,5,5,5,5,5,5
Kaufland,3,2,3,3,4,4,5,5,3,3,5,4,4
Budnikowsky,3,1,3,3,4,3,3,3,5,3,5,5,5
Lidl,4,4,4,4,4,4,4,4,4,4,4,4,4
Rewe,1,1,1,1,5,4,5,5,4,4,4,4,4
Aldi Nord,2,4,4,4,4,4,4,4,4,4,4,5,5
Norma,4,3,5,5,5,5,5,5,2,3,1,2,2
Aldi Nord,3,2,5,3,4,5,4,4,5,3,5,5,5
Edeka,5,5,5,5,5,5,5,5,3,3,2,3,2
Lidl,2,2,3,3,4,4,4,4,4,2,4,3,4
Edeka,4,3,3,4,3,3,2,2,3,4,5,4,4
Norma,5,5,5,5,5,5,5,5,4,2,5,5,5
Kaufland,3,4,4,4,4,4,4,4,5,5,5,5,5
Edeka,4,4,4,3,4,3,4,4,3,4,4,4,4
Aldi Süd,3,3,5,5,5,5,5,5,4,4,5,4,4
Rossmann,5,5,5,5,5,5,5,5,4,4,4,4,4
Andere,5,2,4,4,5,4,5,5,5,3,5,5,4
Kaufland,2,3,3,4,5,5,5,4,4,4,4,3,3
Andere,1,1,1,1,5,3,5,5,4,4,5,5,4
Edeka,3,3,3,3,3,3,3,3,5,5,5,5,5
Kaufland,3,2,4,3,5,5,5,5,5,5,5,5,4
Lidl,4,4,4,2,3,3,3,3,4,4,4,4,4
Lidl,3,2,4,3,5,3,5,5,5,5,4,5,5
Penny,5,4,5,5,4,5,3,4,5,5,5,3,4
Penny,2,4,4,4,3,4,4,4,4,4,4,4,4
Netto (Rot),3,3,3,2,5,4,4,4,4,3,4,4,3
Kaufland,2,3,4,3,4,4,4,4,4,4,5,4,4
Rewe,5,3,5,5,5,5,4,5,5,5,3,3,4
Rewe,1,2,3,3,4,3,3,4,4,5,4,4,4
Penny,4,4,4,5,4,5,4,4,2,4,2,3,2
Penny,4,5,5,5,5,5,5,5,5,5,5,5,5
Aldi Süd,4,4,4,4,4,4,4,4,4,4,5,5,5
Netto (Rot),3,3,3,3,3,3,3,3,3,3,3,3,3
Lidl,2,2,3,3,5,3,4,5,4,5,5,5,4
Kaufland,2,3,2,3,5,4,3,4,3,3,3,3,4
Rewe,3,3,4,4,4,4,4,4,4,4,4,4,4
Globus,3,2,3,2,5,4,5,5,2,1,2,3,3
Rewe,3,2,3,2,5,4,4,4,5,5,5,5,5
Edeka,2,3,4,4,4,4,3,3,5,5,5,4,5
Lidl,5,5,4,3,3,3,3,3,5,4,5,4,4
Real,2,2,4,4,4,4,4,3,4,3,4,4,4
Lidl,4,3,4,4,4,4,4,4,4,4,4,4,4
Aldi Süd,5,5,5,5,5,5,5,5,5,5,5,5,5
Edeka,5,4,5,5,5,5,4,4,5,5,5,5,5
Lidl,2,4,4,2,2,3,3,3,4,2,3,3,2
Edeka,4,1,5,5,5,5,5,5,4,4,5,5,5
Edeka,4,1,4,3,5,5,4,5,4,4,5,5,5
Rewe,4,5,5,5,5,5,5,5,4,1,5,4,4
Netto (Rot),3,3,4,5,3,4,3,3,4,3,3,3,4
Lidl,3,3,3,3,3,3,3,3,3,3,3,3,3
Netto (Rot),4,4,4,4,4,5,5,4,4,4,5,4,4
Edeka,4,2,4,4,4,3,2,1,4,5,3,5,4
Edeka,4,4,3,4,4,4,4,4,3,3,4,3,3
Kaufland,4,5,5,4,5,5,5,3,3,3,4,4,4
Aldi Süd,3,2,4,3,4,4,4,3,5,4,5,5,4
Rewe,5,3,5,5,5,5,5,5,4,4,4,4,4
Edeka,3,3,5,5,5,5,5,5,3,3,4,4,3
Lidl,5,5,5,5,3,4,4,4,3,3,4,4,4
Edeka,4,4,4,4,3,3,3,3,5,4,4,3,3
Aldi Süd,3,3,4,4,4,4,5,4,3,3,4,4,3
Lidl,3,4,4,3,4,3,4,3,4,4,5,5,5
Kaufland,4,3,3,4,4,4,4,4,4,3,4,4,4
Aldi Süd,4,4,5,5,4,5,5,5,5,1,4,4,5
Klaas+Kock,1,2,3,2,4,3,4,3,3,4,1,2,2
Rewe,4,3,4,4,4,3,4,4,2,2,4,4,4
Penny,5,5,4,2,4,4,4,4,1,1,5,5,4
Rewe,5,5,5,5,5,4,4,5,4,5,5,5,4
Netto (Rot),5,5,5,5,5,5,5,5,5,5,5,5,5
Tegut,5,5,5,5,3,4,4,4,5,5,5,5,5
Netto (Rot),1,3,3,1,3,5,5,5,5,5,3,5,5
Edeka,4,4,5,5,5,5,4,4,5,5,5,5,5
Real,2,2,4,4,5,5,4,4,5,5,4,5,5
Lidl,3,3,5,5,5,5,5,5,1,1,4,3,2
Penny,3,3,3,3,3,4,3,3,3,2,3,3,3
Rewe,1,1,1,1,5,4,5,5,1,1,4,4,4
Lidl,4,4,4,4,3,4,3,3,5,4,4,4,4
Rewe,3,3,4,5,4,4,5,5,4,3,3,4,4
Rewe,4,3,5,4,5,4,5,5,4,4,4,4,3
Rewe,5,5,5,5,4,5,5,4,4,4,3,4,4
Kaufland,3,3,4,3,4,4,4,4,5,5,5,5,5
Edeka,5,5,5,5,5,5,5,5,4,4,4,4,4
Rewe,3,5,5,5,5,5,5,5,3,4,2,2,4
Edeka,3,2,4,3,5,5,5,5,3,5,5,5,5
Kaufland,3,2,3,2,4,4,4,4,4,4,4,5,4
Rewe,2,2,3,3,5,5,5,4,5,5,4,5,5
Edeka,2,3,3,4,3,5,4,3,2,3,3,1,3
Penny,5,4,5,4,3,4,4,4,4,4,4,4,4
Combi,4,2,5,3,5,4,4,4,4,2,3,4,3
Edeka,4,4,4,4,4,3,4,3,4,4,4,4,5
Rewe,3,2,2,2,5,3,3,2,2,4,4,2,2
Aldi Nord,5,4,5,5,2,4,3,3,4,4,5,5,4
Edeka,3,3,2,2,4,4,4,4,3,4,4,4,4
Rewe,2,2,3,3,5,4,4,4,4,4,2,4,4
Aldi Nord,4,3,4,5,4,5,4,3,4,4,5,5,4
Aldi Nord,3,3,4,4,4,4,4,4,5,5,5,5,5
Netto (Rot),5,5,5,5,4,4,4,4,5,5,3,4,4
Rewe,3,2,3,3,4,4,4,4,2,2,3,4,2
Lidl,3,3,4,4,4,4,4,4,4,4,4,3,4
Rewe,4,3,4,3,5,5,5,5,4,4,4,3,3
Netto (Rot),3,2,4,3,3,5,4,3,4,5,3,4,3
Netto (Rot),4,4,4,4,4,4,4,4,5,5,5,5,5
Rewe,3,3,5,4,3,3,4,5,3,3,4,4,4
Kaufland,5,5,4,4,3,3,3,3,2,2,2,2,2
Lidl,3,2,3,4,4,4,5,5,5,5,5,5,5
Lidl,5,5,5,5,4,5,5,4,3,3,3,2,2
Real,4,4,3,4,3,3,3,3,4,4,4,4,4
Edeka,4,2,3,4,4,4,4,4,3,3,3,4,3
Real,5,5,5,5,3,4,4,4,4,4,4,4,4
Penny,4,4,4,4,4,4,4,4,4,4,4,4,4
Tegut,3,3,4,4,3,4,4,4,4,2,3,3,4
Kaufland,4,3,4,4,3,4,3,4,3,4,2,3,3
Kaufland,4,5,4,4,5,5,4,4,5,5,5,5,5
Aldi Süd,3,2,3,4,5,5,3,3,5,5,5,3,5
Edeka,4,2,4,3,4,3,4,4,4,3,5,5,5
Kaufland,2,4,4,3,4,4,4,4,4,3,4,4,4
Netto (Rot),4,4,4,4,4,4,4,4,4,4,4,4,4
Aldi Süd,5,4,4,4,5,5,5,5,5,5,5,4,4
Kaufland,4,3,2,4,4,4,4,4,3,3,1,4,4
Lidl,2,1,3,3,4,3,5,4,4,4,3,4,4
Lidl,4,3,3,3,4,4,4,4,5,5,5,5,5
Aldi Süd,4,3,5,5,5,4,4,4,5,5,5,5,5
Kaufland,5,5,5,5,3,4,4,4,3,3,3,3,4
Rewe,4,3,4,4,4,4,4,4,2,2,4,4,4
Aldi Süd,5,3,3,5,4,4,4,4,2,1,4,4,4
Kaufland,2,1,3,3,5,5,5,4,5,5,5,5,5
Aldi Süd,2,1,3,3,1,3,4,4,3,4,4,3,4
Netto (Rot),5,5,5,5,3,4,3,4,5,4,5,5,5
Edeka,1,1,5,3,5,3,5,5,3,3,4,3,3
Penny,3,1,4,3,4,3,4,3,4,3,3,4,4
Rewe,2,2,3,3,5,5,5,5,5,5,5,5,5
Netto (Rot),5,5,5,4,3,5,5,3,3,3,3,3,3
Rewe,2,5,4,4,4,4,3,3,3,3,3,3,3
Edeka,2,3,4,3,5,4,5,5,5,5,5,5,5
Kaufland,3,3,3,4,4,3,4,4,4,4,5,5,5
Rewe,3,2,2,2,5,5,5,5,5,5,5,5,5
Lidl,2,2,4,4,5,3,4,4,3,3,4,4,3
Lidl,3,3,3,3,4,4,4,3,3,2,4,2,3
Kaufland,3,2,4,4,4,5,4,4,4,4,5,4,5
Edeka,2,2,3,3,4,4,4,4,3,3,3,3,3
Rewe,3,4,5,5,3,4,4,4,4,4,4,4,4
Rewe,4,3,4,3,4,4,5,5,5,5,5,5,5
Edeka,2,2,4,3,4,3,4,4,3,3,2,2,4
Lidl,4,3,5,4,3,4,3,3,4,4,5,4,4
Netto (Rot),3,2,4,4,5,5,5,5,4,4,5,4,4
Netto (Rot),4,2,3,4,3,2,3,2,3,3,4,3,3
Lidl,3,4,4,4,4,4,4,4,4,4,5,3,4
Rewe,2,3,4,4,5,5,5,5,5,5,5,5,5
Aldi Nord,3,4,4,4,4,4,4,4,5,5,5,5,5
Edeka,4,4,4,4,5,5,5,4,4,4,4,4,4
Rewe,3,3,4,3,5,3,5,5,4,4,4,4,4
Rewe,4,3,3,4,3,3,3,3,4,5,4,2,3
Rewe,3,3,3,3,3,3,3,3,3,3,3,3,3
Netto (Rot),5,5,5,5,3,3,2,2,2,2,2,1,3
Penny,4,3,4,4,4,4,4,3,4,4,4,4,4
Lidl,5,5,5,5,5,5,5,5,5,5,5,5,5
Kaufland,5,5,5,5,4,5,5,5,1,1,3,1,3
Kaufland,3,4,4,4,4,4,4,4,4,4,3,3,3
Rewe,3,4,3,2,3,2,3,3,5,5,5,5,5
Kaufland,5,3,5,5,5,5,5,5,4,5,5,5,5
Lidl,5,5,5,5,5,5,5,5,5,5,5,5,5
Aldi Süd,1,4,4,3,4,4,5,3,5,4,5,4,5
Rewe,4,3,5,3,5,5,5,5,5,5,5,5,5
Aldi Süd,4,3,4,4,4,3,4,4,5,5,4,4,4
Edeka,3,3,4,3,4,4,4,4,4,3,4,4,4
Edeka,3,3,3,3,3,3,3,4,3,3,3,4,4
Hit,5,5,5,5,4,4,4,4,5,5,5,5,5
Rewe,3,1,3,3,5,3,5,5,4,4,5,5,2
Netto (Rot),4,3,3,3,3,4,4,4,5,5,5,5,5
Edeka,3,3,3,3,4,4,4,4,5,5,5,5,5
Andere,4,3,4,4,4,4,4,4,4,4,4,4,4
Kaufland,3,3,3,4,4,4,3,3,3,5,5,5,5
Rewe,1,2,3,1,5,5,5,5,5,5,3,4,4
Penny,5,4,5,5,4,4,3,4,4,4,4,5,5
Lidl,4,4,4,4,2,4,3,3,4,4,4,3,2
Real,4,3,4,4,3,4,4,4,3,3,3,4,3
Rewe,3,3,2,3,5,5,5,5,2,2,2,2,2
Kaufland,5,3,5,5,4,5,4,5,5,4,4,4,4
Netto (Schwarz),5,5,5,5,4,5,5,5,5,4,5,5,5
Rewe,2,4,3,3,5,5,5,5,4,4,4,4,4
Netto (Rot),5,5,3,5,4,5,5,3,5,3,3,3,3
Edeka,5,5,5,5,5,5,5,5,5,5,5,5,5
Edeka,3,3,3,3,4,4,4,3,4,4,4,5,4
Aldi Süd,4,4,5,4,4,5,5,3,4,4,4,4,5
Aldi Nord,3,5,4,4,4,4,4,5,4,5,5,5,4
Lidl,4,5,4,4,2,3,3,4,4,4,3,3,2
Aldi Süd,3,2,4,3,4,4,4,4,4,4,5,4,4
Edeka,3,3,3,3,3,3,2,4,4,3,4,4,3
Rewe,3,4,3,2,4,3,3,3,3,2,3,3,4
Edeka,3,3,4,4,3,3,3,3,2,2,2,2,2
Real,5,1,4,4,5,5,5,5,5,5,5,5,5
Edeka,5,3,5,5,4,5,4,4,4,5,5,5,5
Norma,5,5,5,5,3,4,4,4,2,1,2,2,2
Rewe,2,2,4,4,3,3,3,3,3,3,4,4,4
Lidl,5,5,5,5,5,5,5,5,5,5,5,5,5
Netto (Rot),4,3,3,3,2,2,2,3,4,3,4,3,3
Edeka,4,4,5,5,4,4,4,4,5,5,5,5,5
Lidl,2,1,2,3,5,5,4,5,5,4,5,5,5
Aldi Nord,2,2,3,4,3,4,4,2,4,4,4,4,4
Kaufland,4,4,3,4,3,4,3,4,3,4,4,4,4
Lidl,5,3,4,5,4,5,4,4,5,5,5,5,5
Kaufland,4,2,4,5,3,5,4,3,3,3,4,5,5
Lidl,5,3,4,5,5,5,5,5,4,5,5,5,5
Aldi Nord,2,2,3,3,5,4,4,5,4,2,4,4,4
Lidl,4,3,5,5,4,5,5,5,5,5,5,5,5
Rewe,3,3,4,4,4,3,4,4,5,4,4,4,4
Penny,4,3,5,4,3,4,4,3,3,1,1,1,3
Lidl,2,2,3,3,4,4,4,4,4,4,4,4,4
Lidl,3,4,4,4,5,5,4,4,2,2,4,2,3
Kaufland,4,3,5,5,5,5,5,5,5,5,5,4,5
Edeka,2,1,2,2,5,4,4,4,4,5,4,4,4
Kaufland,3,3,4,2,5,5,4,4,4,4,5,5,3
Edeka,3,2,4,4,4,4,4,4,5,3,4,4,4
Lidl,2,2,2,4,4,4,4,4,5,1,5,5,5
Edeka,2,5,4,4,3,5,3,2,3,1,5,5,3
Rewe,5,4,5,5,5,5,5,5,4,4,4,4,4
Edeka,3,3,5,4,5,5,5,5,4,4,4,5,4
Aldi Nord,4,3,3,3,4,3,4,3,3,3,3,4,3
Netto (Rot),2,3,3,3,3,3,3,3,3,3,3,3,3
Edeka,2,2,2,2,4,4,5,4,4,5,5,5,5
Kaufland,5,5,5,5,4,4,4,4,3,3,4,4,1
Aldi Süd,4,4,4,4,2,3,4,3,5,5,4,4,4
Netto (Rot),4,5,4,4,3,4,4,3,4,4,4,2,3
Aldi Nord,5,4,3,3,4,4,4,4,3,2,3,3,3
Lidl,5,5,5,5,3,5,5,5,4,3,4,5,5
Aldi Nord,2,3,3,2,3,4,4,4,4,4,4,5,4
Aldi Nord,3,4,4,4,3,3,3,4,5,3,3,4,4
Lidl,4,4,5,5,3,4,3,2,4,5,5,4,4
Hit,2,2,3,2,4,4,4,4,4,4,4,4,4
Lidl,5,5,5,5,3,3,4,3,4,4,5,4,4
Feneberg,3,3,4,4,5,5,5,4,5,4,4,4,4
Rewe,2,2,3,2,4,4,4,4,5,4,5,5,4
Edeka,3,3,5,5,5,5,5,5,5,5,5,5,5
Rewe,2,2,3,2,5,5,5,5,4,4,5,4,4
Edeka,5,5,5,5,2,4,3,4,5,5,5,5,5
Edeka,1,2,2,2,3,3,3,3,5,5,5,5,5
Kaufland,5,5,5,5,5,5,5,5,4,4,4,4,4
Edeka,5,3,5,5,4,4,4,4,4,4,4,5,5
Edeka,4,2,5,5,4,5,4,4,4,4,4,3,3
Edeka,3,3,5,5,5,3,4,5,4,4,5,5,4
Edeka,3,3,5,5,5,5,5,5,4,4,5,5,4
Edeka,3,2,3,3,5,3,5,5,5,4,3,3,3
Penny,1,1,2,2,4,4,3,4,1,1,5,4,3
Edeka,5,5,5,5,5,5,5,5,5,5,5,5,5
Lidl,4,4,4,4,3,4,4,4,4,3,3,3,3
Netto (Rot),5,5,5,5,4,4,3,3,3,4,3,4,3
Rewe,3,3,4,3,4,4,4,4,4,4,4,4,4
Rewe,2,3,2,2,4,4,4,4,3,3,3,3,2
Rewe,3,2,3,2,3,2,3,3,4,4,4,4,4
Rewe,5,5,5,5,3,4,5,5,3,5,5,5,4
Lidl,3,3,3,3,5,5,5,5,5,4,3,3,3
Aldi Nord,4,3,5,3,4,5,4,4,4,3,5,4,4
Edeka,4,4,5,4,5,4,4,5,4,5,4,4,5
Lidl,4,3,4,5,4,4,5,4,5,5,4,5,5
Rewe,4,4,2,5,5,2,4,4,5,5,5,4,5
Aldi Süd,2,2,2,3,5,3,4,4,4,4,5,5,5
Rewe,4,3,3,4,5,5,5,5,5,5,4,4,5
Penny,5,4,5,5,5,5,5,5,3,3,1,3,2
Edeka,2,2,2,2,5,4,4,4,4,5,5,5,4
Netto (Rot),3,5,5,5,4,4,3,3,5,5,5,5,5
Netto (Rot),3,4,4,4,4,4,4,4,4,3,4,4,4
Norma,3,3,3,3,4,4,4,4,4,3,4,4,4
Edeka,3,3,3,3,3,3,3,3,4,4,4,4,4
Kaufland,5,5,5,5,5,5,5,4,4,4,5,4,5
Lidl,5,5,5,5,4,4,4,4,3,3,4,4,4
Aldi Nord,1,3,4,3,5,4,5,5,2,3,2,2,5
Aldi Süd,5,5,5,5,5,4,4,5,5,5,5,5,5
Lidl,2,2,2,3,5,5,5,5,5,5,5,5,5
Denn's,1,1,5,5,5,4,5,5,3,2,3,2,4
Edeka,4,3,4,4,4,4,4,4,5,5,5,4,4
Penny,2,3,3,4,3,4,4,4,3,3,4,3,4
Kaufland,4,2,3,4,4,4,4,4,5,5,5,5,5
Lidl,4,5,5,5,4,4,3,2,3,1,4,4,4
Edeka,4,2,4,4,4,4,4,5,5,5,5,5,5
Rewe,3,4,5,3,5,5,5,5,3,5,5,5,5
Netto (Rot),3,2,3,3,4,4,4,4,4,3,4,4,4
Edeka,4,4,5,5,3,4,4,4,5,4,5,5,5
Netto (Rot),3,2,4,3,3,3,4,3,5,4,5,5,5
Aldi Nord,4,2,4,4,4,5,4,4,5,5,5,5,5
Rewe,1,1,5,5,5,5,5,5,5,5,5,5,5
Aldi Nord,3,3,3,3,3,3,3,3,3,3,3,3,3
Aldi Süd,3,4,3,3,5,4,4,4,3,1,1,3,3
Kaufland,1,2,2,2,5,2,5,5,5,5,5,5,5
Kaufland,3,2,4,4,5,5,5,5,3,3,4,4,4
Rewe,2,2,4,4,4,5,4,3,4,5,5,5,5
Aldi Nord,5,5,5,5,4,5,5,5,5,4,4,3,4
Edeka,3,2,4,2,5,5,5,5,5,5,5,4,4
Aldi Nord,3,2,4,2,5,4,4,5,5,5,5,5,4
Edeka,4,2,4,4,5,5,5,5,5,5,5,5,5
Kaufland,4,4,4,3,4,5,4,4,4,4,4,4,4
Lidl,3,3,3,3,4,5,5,4,5,1,5,5,5
Edeka,2,1,5,5,5,4,5,5,4,5,5,4,5
Aldi Nord,5,5,5,5,4,5,5,5,5,5,5,5,5
Netto (Rot),3,2,2,4,3,3,2,3,4,4,4,4,4
Netto (Rot),5,5,4,4,5,4,5,4,4,3,3,4,5
Edeka,4,3,4,4,3,4,4,4,5,4,2,2,2
Edeka,2,1,3,3,5,3,5,5,4,4,4,3,3
Penny,3,4,4,4,3,3,2,3,4,4,4,4,4
Rewe,2,2,4,2,5,4,5,4,3,4,3,3,3
Kaufland,3,2,5,3,5,5,5,5,4,5,5,4,4
Netto (Rot),3,3,4,4,4,4,5,4,5,5,5,5,5
Netto (Rot),3,2,3,4,4,4,4,4,4,4,4,4,4
Edeka,3,3,3,3,3,3,3,3,5,5,5,5,5
Rewe,2,3,4,3,5,5,5,5,3,3,3,4,4
Kaufland,4,3,5,5,5,5,5,5,2,4,5,4,4
Lidl,3,3,2,2,3,3,2,3,3,3,4,4,3
Kaufland,4,3,4,5,3,4,4,4,4,3,4,4,4
Edeka,1,1,2,3,5,5,5,5,5,5,5,5,5
Rewe,4,4,4,4,4,4,4,4,4,4,4,5,4
Aldi Nord,4,4,4,4,4,4,4,4,4,3,4,4,4
Edeka,4,4,4,4,4,4,4,4,4,4,4,4,4
Penny,4,4,5,4,5,5,5,5,4,4,4,3,3
Penny,5,4,4,4,4,4,4,4,4,4,4,4,4
Lidl,5,3,5,5,5,5,5,5,4,4,5,5,5
Netto (Rot),5,5,5,5,4,4,4,5,5,5,5,5,5
Netto (Rot),3,3,4,4,3,3,4,3,4,3,5,4,4
Kaufland,3,3,4,3,4,4,4,4,5,5,5,5,5
Lidl,1,4,3,3,3,3,4,2,4,5,5,5,3
Aldi Nord,3,2,4,3,5,4,5,4,3,3,3,2,3
Edeka,5,4,4,4,3,4,3,3,5,5,4,5,5
Lidl,5,5,5,5,5,5,5,5,4,5,5,5,5
Andere,1,1,3,2,5,5,4,4,5,5,5,5,5
Aldi Süd,4,4,5,5,3,4,3,2,4,3,4,4,4
Penny,3,3,4,4,4,4,4,4,4,4,4,5,5
Rewe,4,3,5,5,5,5,5,5,5,5,5,5,5
Real,4,3,4,4,5,4,5,5,5,5,4,4,4
Kaufland,2,3,2,3,4,3,3,4,4,2,4,3,3
Netto (Rot),4,3,4,5,4,4,3,3,4,3,4,4,4
Kaufland,2,2,4,3,4,4,4,4,3,2,3,3,4
Edeka,5,3,4,4,5,4,4,5,4,5,4,5,5
Tegut,2,2,4,3,5,5,5,5,5,5,5,5,5
Aldi Süd,5,4,4,5,4,4,4,3,2,2,2,3,4
Netto (Rot),4,4,4,4,3,4,4,4,4,2,2,2,2
Rewe,3,3,3,3,5,3,3,3,5,5,5,5,5
Andere,3,2,3,3,4,4,4,4,3,3,3,3,3
Edeka,1,1,3,1,4,4,4,4,5,5,5,5,5
Kaufland,3,3,3,3,3,3,4,4,4,3,3,3,4
Lidl,5,5,4,5,4,4,4,4,3,2,3,3,4
Rewe,1,1,2,2,5,4,4,4,3,3,5,4,4
Lidl,3,3,2,3,2,3,3,3,3,3,4,3,3
Netto (Rot),5,5,3,4,1,3,3,3,3,3,3,3,3
Aldi Nord,5,5,5,5,5,5,5,5,5,5,5,5,5
Lidl,2,2,3,3,5,5,4,4,3,3,4,4,3
Edeka,5,5,5,5,5,5,5,4,4,4,5,5,5
Rewe,1,1,3,2,5,4,5,5,5,5,4,5,5
Aldi Süd,3,3,4,4,4,4,5,5,4,4,5,4,5
Rewe,3,2,2,2,5,4,5,5,5,5,5,5,5
Edeka,3,3,4,3,4,4,4,4,4,4,5,5,5
Edeka,4,4,4,4,4,4,4,4,4,4,5,5,5
Rewe,4,4,4,4,5,5,5,5,5,5,5,5,5
Penny,4,3,4,4,4,4,4,4,4,3,4,4,4
Netto (Rot),2,3,3,3,4,4,3,4,4,4,4,4,4
Aldi Süd,4,4,4,3,4,3,3,4,4,3,4,4,4
Rewe,5,4,5,5,5,5,3,4,3,3,4,3,3
Aldi Nord,5,4,5,5,4,4,4,4,3,3,4,3,4
Famila,3,2,3,3,4,4,4,4,5,5,5,5,5
Aldi Nord,4,5,5,5,4,5,5,5,5,4,5,5,5
Real,3,3,3,3,3,3,3,3,4,4,4,4,4
Kaufland,3,2,4,3,5,4,5,5,4,5,4,4,4
Kaufland,4,3,4,4,4,4,4,3,4,4,4,4,4
Aldi Süd,4,3,3,3,4,4,4,4,4,4,4,4,4
Netto (Rot),3,3,4,3,5,2,4,4,4,4,5,5,5
Edeka,2,3,3,3,4,3,4,4,4,4,5,4,5
Edeka,2,3,3,4,4,4,4,4,4,4,5,5,4
Lidl,3,2,3,3,4,4,4,3,3,4,4,3,3
Lidl,3,3,3,3,4,3,4,4,5,5,4,3,4
Netto (Rot),4,4,4,1,2,3,3,3,4,4,4,4,4
Aldi Nord,4,4,4,4,3,4,3,3,5,5,4,4,4
Edeka,5,3,5,5,5,5,5,5,5,4,4,5,5
Penny,4,5,5,4,4,4,4,4,3,4,5,5,5
Rewe,3,3,4,4,4,4,3,4,4,5,5,5,5
Rewe,2,2,3,3,3,4,3,3,3,3,2,2,3
Aldi Nord,5,5,5,5,4,4,5,5,5,5,5,5,5
Lidl,5,2,4,5,5,5,5,5,5,5,3,2,5
Edeka,3,2,5,4,3,4,4,4,4,3,5,5,5
Aldi Nord,3,2,3,4,4,4,4,5,5,5,5,5,4
Lidl,2,2,5,5,4,3,5,4,4,5,5,5,4
Rewe,5,5,5,5,4,5,5,5,5,5,5,5,5
Edeka,4,4,5,4,4,4,4,2,4,4,4,4,5
Lidl,5,5,5,5,5,5,5,5,5,5,5,5,5
Edeka,4,4,4,4,3,3,3,3,4,3,4,4,4
Aldi Nord,5,5,5,5,3,5,5,5,5,5,5,5,4
Rewe,5,3,5,5,4,5,4,4,3,3,4,3,3
Edeka,2,1,3,2,5,4,4,4,5,5,5,5,5
Penny,3,3,3,3,3,3,3,3,3,3,3,3,3
Lidl,5,4,5,4,4,4,4,4,4,4,4,3,4
Globus,3,3,3,3,5,5,5,5,4,5,5,5,5
Aldi Süd,1,1,3,1,5,5,5,5,5,5,5,5,5
Edeka,2,2,3,3,4,4,4,4,5,4,4,4,4
Aldi Nord,2,3,4,3,4,4,3,3,4,3,4,4,3
Lidl,2,2,2,3,4,4,4,4,5,4,4,4,4
Netto (Rot),5,5,5,5,3,3,3,3,4,4,4,2,3
Netto (Rot),3,2,4,3,5,5,5,4,4,4,4,4,4
Lidl,4,4,4,4,4,4,4,4,4,5,4,4,5
Kaufland,3,3,3,4,3,3,3,3,5,5,5,5,5
Kaufland,2,1,5,5,4,5,5,5,5,5,5,4,4
Rewe,4,4,5,5,3,3,4,4,4,4,5,4,3
Penny,5,5,5,5,4,4,4,4,3,3,4,4,4
Edeka,2,2,3,3,4,4,4,4,5,5,5,5,5
Edeka,4,4,4,3,3,4,4,4,3,4,3,3,3
Aldi Nord,2,1,3,3,5,5,4,4,5,5,5,5,5
Kaufland,5,3,4,5,3,5,5,4,3,4,3,3,4
Netto (Rot),2,2,2,3,4,4,4,4,4,4,3,3,4
Aldi Süd,3,4,4,4,4,4,4,3,4,2,4,2,3
Aldi Süd,4,4,4,4,4,4,5,4,3,3,5,4,5
Netto (Rot),5,4,4,4,5,5,5,4,2,3,2,3,3
Lidl,4,4,4,4,3,4,4,3,3,4,2,4,3
Kaufland,5,4,5,5,4,5,5,5,4,4,3,3,3
Edeka,1,1,2,1,5,3,5,4,4,5,5,5,5
Aldi Süd,1,3,3,3,4,4,4,4,4,4,5,5,5
Penny,3,5,4,5,3,4,4,3,5,4,5,5,4
Edeka,3,4,5,5,3,3,4,4,2,3,4,4,4
Aldi Süd,5,3,4,4,4,5,4,4,4,2,4,4,4
Kaufland,2,2,2,3,4,2,2,4,3,3,3,3,4
Lidl,5,5,5,5,3,4,3,3,5,5,5,5,5
Lidl,2,3,4,4,4,4,4,4,4,4,4,3,3
Kaufland,3,1,3,4,4,4,4,4,4,3,4,4,4
Famila,2,3,4,3,5,5,4,5,4,4,5,5,5
Hit,3,3,3,4,4,4,4,4,4,3,4,4,4
Lidl,1,1,3,1,4,4,4,4,5,1,4,3,3
Aldi Nord,4,3,4,4,4,4,4,4,3,4,4,4,3
Edeka,4,3,4,4,4,4,4,4,4,4,3,3,4
Lidl,4,4,5,5,5,5,5,5,5,5,5,5,5
Lidl,5,3,4,4,5,5,5,5,5,5,5,5,5
Rewe,4,2,3,2,4,4,4,4,4,4,4,4,4
Netto (Rot),4,3,5,4,4,4,4,4,4,3,2,3,4
Kaufland,3,2,3,3,4,3,5,4,2,2,2,2,3
Lidl,4,3,3,3,4,4,4,3,5,5,4,4,5
Rewe,3,3,4,4,4,4,4,4,4,3,4,4,4
Edeka,1,1,3,3,4,3,3,3,1,1,2,2,1
Aldi Nord,5,5,3,4,3,4,5,4,4,3,4,4,3
Aldi Süd,3,4,4,4,3,4,4,3,5,5,5,4,5
Netto (Rot),2,3,4,4,3,3,4,3,4,4,4,3,4
Kaufland,3,3,5,4,5,5,4,4,5,5,5,5,5
Edeka,3,2,4,4,2,3,3,5,4,4,3,3,3
Combi,2,3,4,3,3,3,4,4,1,3,4,4,4
Edeka,5,3,5,5,5,5,5,5,5,3,5,3,4
Real,2,1,4,2,4,3,4,4,4,3,4,3,4
Real,2,4,3,3,3,3,3,3,4,3,3,3,4
Rewe,2,1,2,2,5,5,5,5,5,5,5,5,5
Rewe,5,5,5,5,3,5,5,3,5,5,5,5,5
Penny,5,5,4,5,3,3,3,2,4,4,5,5,5
Netto (Rot),4,4,4,4,3,3,4,4,4,4,4,3,4
Aldi Süd,2,3,4,4,5,4,4,4,3,3,4,4,4
Rewe,5,5,5,5,5,5,5,4,5,5,4,4,5
Netto (Rot),4,4,4,4,4,5,4,3,5,5,4,4,5
Edeka,3,3,5,4,5,4,5,5,5,5,5,5,5
Rewe,3,1,1,1,5,3,3,4,3,2,5,3,3
Lidl,4,4,4,4,4,4,4,4,4,4,4,4,4
Lidl,5,3,3,4,4,4,4,4,3,2,3,3,4
Edeka,5,5,5,5,5,5,5,5,4,4,4,4,4
Lidl,4,5,5,5,5,5,4,5,5,5,5,5,5
Kaufland,5,4,5,5,3,4,4,3,4,3,3,4,5
Edeka,4,4,4,5,4,4,3,4,5,5,5,5,5
Kaufland,2,2,5,3,4,3,4,4,4,4,4,3,4
Netto (Rot),4,4,5,4,4,4,4,4,4,4,4,4,4
Rewe,3,4,4,4,4,4,4,4,4,4,4,4,4
Edeka,2,1,3,2,5,5,5,5,5,5,5,4,5
Rewe,3,3,3,3,4,3,4,3,3,3,3,3,3
Aldi Süd,5,5,4,5,5,4,4,4,3,3,4,4,4
Kaufland,3,2,4,3,4,3,4,4,2,2,1,1,3
Edeka,3,3,3,3,3,3,3,3,4,4,4,4,4
Edeka,3,3,4,3,3,3,4,4,4,4,4,4,4
Markant,5,5,4,5,3,4,3,3,2,3,4,3,2
Lidl,4,4,4,4,4,4,4,5,4,5,3,3,3
Edeka,4,4,3,3,2,3,2,1,4,4,5,4,5
Kaufland,5,5,5,5,4,5,4,4,5,5,2,2,4
Edeka,3,3,4,3,4,4,4,3,4,4,5,5,4
Kaufland,5,5,5,5,4,4,4,4,5,5,4,4,4
Penny,4,3,4,3,4,3,4,4,4,4,4,4,4
Aldi Nord,4,4,4,4,4,4,4,2,3,5,5,5,5
Kaufland,4,4,5,5,4,4,4,4,3,4,2,3,2
Edeka,4,5,5,5,4,5,4,4,4,3,5,4,4
Rewe,1,4,4,2,5,3,2,5,2,2,2,2,4
Lidl,4,5,5,5,5,5,5,5,5,5,5,5,5
Netto (Rot),3,4,5,4,4,4,4,4,4,4,4,4,4
Edeka,3,2,3,3,5,5,5,5,5,5,5,5,5
Aldi Süd,3,4,5,5,3,5,3,5,4,4,5,5,5
Kaufland,3,4,3,3,4,4,3,4,3,2,4,4,4
Andere,4,3,4,4,4,4,4,4,5,5,4,4,4
Netto (Rot),4,3,4,4,4,3,4,4,4,4,4,4,4
Lidl,4,3,4,4,4,4,4,3,4,4,4,4,4
Edeka,1,1,3,1,5,2,4,5,3,3,4,3,3
Aldi Nord,3,5,5,5,4,4,4,4,3,3,5,5,5
Lidl,5,5,5,5,1,3,1,1,5,5,5,5,5
Lidl,5,4,5,5,4,5,4,3,5,5,4,3,5
Aldi Süd,2,3,4,4,3,4,4,3,4,4,4,4,4
Kaufland,4,4,3,4,3,4,3,3,3,4,3,4,4
Lidl,4,4,5,5,5,5,5,5,5,5,5,5,5
Kaufland,4,3,4,4,4,4,4,4,5,5,5,5,5
Edeka,4,3,5,3,5,5,5,5,5,5,5,5,5
Aldi Süd,5,2,5,5,4,5,5,5,4,4,4,4,4
Rewe,5,3,5,5,3,4,3,3,5,4,3,2,4
Aldi Süd,5,5,5,5,5,5,5,5,5,5,5,5,5
Lidl,3,2,2,1,3,3,3,3,4,4,4,4,4
Real,2,1,2,2,4,3,4,4,5,3,5,5,4
Edeka,2,3,5,5,5,5,5,5,5,5,5,5,5
Lidl,4,3,4,5,3,4,5,5,4,3,4,4,4
Lidl,3,3,3,4,3,4,4,4,5,3,5,5,5
Real,4,2,3,3,5,4,4,4,4,4,5,5,5
Kaufland,3,3,4,3,3,3,3,3,3,4,3,4,4
Netto (Rot),4,3,4,4,5,4,4,4,5,5,4,5,5
Rewe,2,1,3,2,5,5,4,5,4,3,5,5,4
Lidl,3,1,3,3,4,4,5,4,5,3,5,5,4
Andere,5,4,3,4,4,4,4,4,4,4,4,4,5
Edeka,3,3,3,3,3,3,3,2,2,2,3,3,3
Real,4,3,5,5,4,4,3,2,2,2,2,2,4
Lidl,3,5,4,4,4,3,3,3,3,3,3,4,3
Edeka,4,4,5,5,3,4,4,4,5,4,3,4,4
Kaufland,2,2,4,4,4,4,4,4,4,4,3,4,5
Rewe,3,3,3,3,3,3,3,3,3,3,3,3,3
Penny,4,4,4,5,5,4,4,5,3,4,4,4,4
Andere,5,5,5,5,5,5,5,5,5,5,5,5,4
Edeka,4,4,4,4,4,4,4,4,4,4,4,4,4
Penny,4,4,3,3,4,3,3,3,3,3,3,3,3
Edeka,4,4,4,4,3,3,3,3,3,3,3,3,3
Kaufland,1,1,1,1,5,3,4,5,5,5,5,5,5
Edeka,2,3,3,3,5,3,4,4,4,5,5,5,5
Real,4,4,4,4,4,4,5,5,5,4,3,5,5
Aldi Süd,2,3,3,3,3,4,4,3,4,2,4,3,3
Kaufland,5,5,5,5,5,5,3,3,5,5,5,5,5
Kaufland,3,3,3,3,3,3,3,3,4,4,4,4,3
Edeka,4,4,5,5,5,5,5,5,5,5,5,5,4
Edeka,3,4,4,5,4,4,5,5,3,4,5,3,4
Lidl,4,3,4,4,4,4,4,4,5,5,5,5,5
Edeka,3,2,4,4,5,4,4,4,4,4,4,4,4
Lidl,2,4,3,3,4,4,4,4,4,4,4,4,4
Edeka,4,3,3,3,4,3,4,4,3,3,3,3,3
Lidl,5,5,5,5,4,5,3,4,4,3,3,2,1
Kaufland,3,3,3,3,4,3,3,3,4,4,4,4,4
Penny,5,4,5,5,5,5,5,5,5,5,5,5,5
Aldi Nord,3,2,5,5,5,5,5,5,4,5,5,5,5
Edeka,4,4,4,4,4,5,5,4,3,3,4,4,4
Lidl,5,5,5,5,5,5,5,5,5,5,5,5,5
Aldi Süd,5,4,4,5,5,5,5,5,4,4,4,4,5
Penny,3,3,3,5,3,3,5,3,4,3,5,5,4
Rewe,4,3,2,2,3,4,4,3,5,5,5,5,5
Kaufland,5,5,4,4,4,4,4,4,4,4,5,5,5
Edeka,5,3,5,5,4,4,5,4,4,4,4,3,4
Aldi Nord,3,2,4,5,4,5,5,4,5,2,4,4,5
Kaufland,4,4,4,4,4,4,4,4,5,5,5,5,5
Lidl,2,4,3,4,4,4,4,4,3,3,4,4,3
Netto (Rot),3,4,3,3,5,5,5,5,4,4,5,5,5
Penny,4,4,4,4,2,2,2,4,4,4,2,4,4
Andere,2,2,4,3,5,4,4,4,5,4,5,5,5
Kaufland,3,2,5,3,4,3,5,4,3,4,5,4,5
Penny,5,4,5,5,4,5,4,4,3,4,4,3,5
Real,4,3,5,5,5,5,5,5,3,3,3,3,5
Edeka,3,3,3,4,4,4,4,3,4,5,5,4,5
Kaufland,5,5,4,5,3,4,4,3,5,5,4,4,5
Lidl,5,5,4,5,3,5,3,4,4,3,3,3,4
Aldi Nord,5,5,5,5,5,5,5,5,5,5,4,5,5
Rewe,3,4,3,3,4,4,3,4,4,4,4,4,3
Edeka,2,5,5,5,5,5,4,4,5,5,5,5,5
Netto (Rot),4,3,4,3,4,4,4,4,4,4,4,4,4
Edeka,4,3,5,5,4,4,4,4,3,4,3,3,3
Norma,3,4,4,4,3,3,4,4,5,2,5,5,3
Rewe,3,3,4,4,3,3,3,3,4,4,4,4,4
Edeka,4,3,4,4,4,3,4,4,5,2,4,4,4
Netto (Rot),5,4,5,5,5,5,4,5,5,3,4,5,4
Edeka,5,5,4,5,4,4,3,3,4,4,3,3,4
Kaufland,4,3,4,3,5,4,5,5,4,4,4,4,5
Edeka,5,3,4,3,4,4,4,4,3,3,4,4,4
Kaufland,5,5,5,5,5,5,5,5,5,5,5,5,5
Rewe,1,1,2,2,5,2,5,5,4,4,5,5,5
Netto (Rot),5,5,4,4,3,3,3,3,4,5,2,4,5
Rewe,5,3,5,5,5,5,5,5,4,4,5,4,4
Rewe,1,1,3,2,5,5,5,5,2,3,3,3,3
Netto (Rot),2,3,4,5,3,5,5,4,2,1,4,4,2
Kaufland,5,3,3,5,4,4,3,4,5,3,5,5,5
Netto (Rot),4,3,3,3,3,3,3,3,3,4,4,4,4
Aldi Süd,3,3,3,3,4,4,4,4,5,5,5,5,5
Rewe,3,2,4,3,4,4,3,3,5,5,5,5,5
Norma,3,3,3,3,3,4,4,4,2,3,4,4,3
Kaufland,5,4,5,5,5,4,5,5,5,5,5,5,5
Edeka,5,3,5,5,5,5,4,3,5,5,5,5,5
Kaufland,4,1,4,3,5,4,5,5,2,4,3,2,2
Aldi Nord,3,3,5,5,3,5,3,3,5,5,5,5,5
Netto (Rot),4,4,5,2,5,5,5,4,4,4,5,4,4
Netto (Rot),5,5,5,5,4,1,3,3,5,4,4,4,4
Edeka,3,2,3,3,4,4,4,4,4,4,3,4,3
Rewe,5,5,5,5,5,5,5,5,4,4,5,5,4
Kaufland,4,3,5,3,4,4,5,4,4,4,5,5,3
Netto (Rot),3,4,4,4,4,4,4,4,5,5,4,5,4
Kaufland,3,2,4,4,4,3,4,4,5,5,5,5,5
Lidl,4,4,5,5,4,5,5,5,5,5,4,4,3
Netto (Rot),1,4,4,3,4,4,3,4,4,4,3,3,2
Edeka,3,3,3,5,4,4,4,4,5,5,4,4,2
Kaufland,3,5,5,4,4,4,5,5,1,2,4,2,4
Rewe,3,3,4,3,4,4,4,4,4,4,4,4,4
Lidl,5,4,3,3,4,5,5,5,4,3,4,3,5
Globus,4,4,4,4,4,4,4,4,4,4,4,4,4
Netto (Rot),5,5,5,5,3,1,3,3,5,4,4,4,4
Lidl,5,5,5,5,5,5,5,5,2,2,3,2,2
Rewe,5,5,4,4,4,5,4,5,5,4,4,4,4
Rewe,5,3,4,5,4,4,4,4,4,4,5,5,4
Rewe,3,4,3,4,4,4,4,4,4,4,4,4,4
Rewe,3,3,3,4,5,5,5,5,3,5,5,5,5
Aldi Süd,5,3,4,5,5,5,5,5,3,2,4,3,5
Netto (Rot),3,3,3,3,3,3,3,3,3,3,3,3,3
Aldi Nord,3,2,5,5,3,4,4,4,5,4,5,5,5
Edeka,4,3,4,5,5,5,5,5,5,5,5,5,5
Aldi Süd,5,5,5,5,5,5,5,5,5,5,5,5,5
Netto (Rot),3,2,3,3,4,3,4,4,3,2,3,3,3
Edeka,3,2,5,3,5,5,5,4,4,3,5,5,5
Globus,4,3,2,2,5,3,4,4,4,4,5,5,5
Penny,4,4,4,4,3,4,3,4,3,4,3,3,3
Edeka,5,5,5,5,5,5,5,5,3,5,3,3,3
Edeka,5,5,5,5,5,5,5,3,4,2,1,1,1
Rewe,3,3,3,3,4,4,4,4,4,4,4,4,4
Real,3,4,3,3,3,4,4,3,3,3,5,4,4
Aldi Nord,3,3,4,4,4,4,4,4,4,4,4,4,4
Aldi Nord,3,3,5,5,4,3,5,5,4,4,4,4,5
Rewe,4,4,4,4,4,4,4,4,4,4,4,4,4
Aldi Süd,3,4,4,4,3,3,3,3,5,4,5,4,4
Aldi Süd,3,4,4,4,4,4,4,4,3,3,5,4,4
Lidl,2,3,3,2,4,4,4,4,5,5,5,5,5
Lidl,4,5,5,3,5,5,4,5,4,4,3,4,4
Aldi Süd,3,4,4,4,4,4,4,4,5,4,5,5,5
Edeka,3,3,4,4,5,4,4,4,4,3,3,3,3
Edeka,5,3,4,3,4,5,5,5,3,5,4,3,2
Lidl,4,5,4,5,4,3,4,3,4,3,3,3,4
Penny,5,4,5,4,3,5,4,3,2,1,2,2,2
Lidl,1,2,5,4,4,4,5,5,4,2,5,4,4
Edeka,3,3,3,3,3,3,3,3,3,3,3,3,3
Kaufland,5,5,4,4,3,4,4,4,5,4,4,4,4
Edeka,5,5,4,5,4,4,4,4,5,5,5,5,4
Lidl,2,2,2,1,4,4,4,4,4,3,5,5,5
Lidl,5,5,5,5,5,5,5,5,4,5,5,4,5
Edeka,4,1,3,3,5,5,4,5,3,4,5,3,3
Lidl,5,3,5,4,5,4,4,4,5,5,5,5,3
Kaufland,3,4,3,3,4,3,4,4,5,5,5,5,5
Rewe,5,4,5,5,4,5,5,5,5,5,5,5,5
Edeka,3,4,4,5,3,3,3,3,3,4,4,4,4
Rewe,5,3,4,4,3,4,2,2,4,5,5,5,5
Edeka,5,5,5,5,4,4,4,4,5,5,3,4,4
Aldi Süd,4,1,4,2,5,3,5,4,4,3,2,3,2
Edeka,5,5,5,5,3,5,4,1,4,3,2,3,4
Rewe,5,5,5,5,5,5,5,5,5,5,5,5,5
Norma,4,3,3,3,5,5,5,5,5,4,5,4,4
Edeka,4,2,3,3,4,3,3,4,4,2,4,4,4
Edeka,3,3,3,2,3,3,3,3,3,3,3,3,3
Aldi Süd,5,5,5,5,5,5,3,5,5,5,5,5,5
Lidl,5,5,5,5,4,5,4,4,3,4,5,4,5
Rewe,3,3,5,5,4,5,5,5,4,4,4,4,3
Rewe,3,5,5,5,4,4,4,3,4,4,4,3,4
Kaufland,3,3,4,4,3,4,4,3,5,5,4,5,5
Edeka,3,3,2,3,3,3,4,4,3,3,5,4,5
Edeka,5,5,5,5,5,5,5,5,5,5,5,5,5
Aldi Süd,2,2,5,3,5,4,4,4,4,3,2,2,2
DM,4,2,4,3,4,5,3,5,1,3,3,2,4
Lidl,3,1,3,4,5,4,5,5,5,4,5,5,5
Globus,4,3,4,4,4,3,3,3,4,4,3,4,4
Kaufland,4,4,4,4,4,4,4,4,4,3,4,3,3
Kaufland,3,3,4,3,4,4,4,4,4,3,4,4,4
Real,3,1,3,3,5,5,5,5,4,4,3,3,3
Edeka,3,2,5,3,5,3,4,4,4,4,5,5,5
Kaufland,3,2,2,3,4,2,4,4,4,3,4,4,4
Aldi Nord,2,3,4,2,3,3,4,4,5,5,5,5,5
Lidl,1,2,1,1,5,5,5,5,5,5,5,5,5
Edeka,5,5,5,5,4,4,4,4,3,3,4,4,4
Netto (Rot),5,5,5,5,4,5,3,4,4,4,4,4,4
Lidl,4,3,4,4,5,5,5,4,5,5,4,4,5
Aldi Süd,5,5,5,5,3,4,4,5,4,4,3,3,3
Netto (Rot),4,4,4,4,3,4,2,2,4,4,4,4,4
Edeka,3,3,5,5,3,4,4,3,3,5,5,5,5
Hit,5,3,5,4,5,5,4,4,5,5,5,5,5
Edeka,5,5,4,5,4,5,4,5,5,5,5,5,5
Rewe,5,3,3,4,3,3,3,3,4,4,5,5,5
Kaufland,4,3,4,4,3,3,3,4,3,3,3,3,3
Aldi Süd,3,4,4,4,4,4,3,4,3,4,4,3,4
Edeka,4,3,4,4,3,5,3,2,4,4,5,5,5
Penny,3,3,3,3,4,3,3,3,3,4,4,3,3
Rewe,3,4,4,5,4,4,4,5,5,5,5,5,5
Netto (Rot),3,3,4,4,4,4,4,4,4,4,4,4,5
Edeka,5,2,5,4,4,3,5,5,4,2,3,2,3
Rewe,3,2,3,3,5,5,5,5,5,4,4,5,5
Netto (Rot),4,3,3,4,4,4,4,4,4,1,4,3,4
Rewe,1,1,5,1,5,3,5,5,4,3,5,5,4
Aldi Süd,3,3,3,3,3,3,3,3,4,3,4,4,4
Andere,2,2,4,4,5,5,5,5,5,4,5,5,4
Aldi Süd,3,2,5,5,5,5,5,5,5,5,5,5,5
Aldi Nord,5,4,4,5,3,4,3,3,4,4,3,3,4
Penny,4,3,3,3,4,4,3,4,4,4,4,4,4
Kaufland,5,4,5,5,4,5,5,4,3,2,4,3,4
Rewe,4,4,4,4,4,4,4,4,4,4,4,4,3
Netto (Rot),5,5,5,5,5,5,5,5,4,2,4,4,4
Globus,2,2,2,2,4,3,4,4,4,4,4,4,4
Lidl,3,4,4,4,5,5,5,4,5,5,4,4,5
Real,3,3,4,3,4,4,4,4,4,4,4,4,4
Rewe,3,3,3,2,3,2,3,1,4,3,4,3,4
Rewe,2,2,3,2,4,4,4,4,3,2,2,3,4
Aldi Süd,4,3,5,4,5,5,5,5,4,4,4,4,4
Aldi Nord,4,4,4,5,4,4,5,5,3,4,4,3,4
Netto (Rot),3,3,4,4,3,4,3,4,3,3,4,4,4
Netto (Rot),4,4,5,4,5,4,5,5,4,3,3,3,5
Penny,5,3,5,5,4,5,4,4,5,5,5,5,5
Penny,4,4,4,4,4,4,4,4,4,4,4,4,4
Aldi Süd,5,3,5,4,4,5,5,4,3,3,4,4,4
Aldi Süd,3,3,4,4,5,5,5,5,4,4,5,4,5
Kaufland,3,3,4,4,4,4,4,4,4,4,3,3,4
Rewe,5,4,4,3,4,5,3,3,5,4,4,5,4
Lidl,1,3,5,4,5,4,4,4,4,2,5,2,3
Edeka,3,4,3,3,3,3,3,3,4,4,5,4,4
Kaufland,2,3,4,3,3,4,4,3,3,4,4,4,3
Aldi Süd,3,3,4,4,3,3,3,3,4,3,4,4,4
Edeka,4,1,3,4,4,4,4,4,4,4,3,4,5
Edeka,4,4,4,4,5,5,5,5,3,2,4,4,3
Rewe,4,5,3,5,4,5,3,3,3,2,5,5,5
Lidl,4,4,4,4,4,4,4,4,5,5,5,5,5
Lidl,4,5,5,5,4,5,4,4,5,4,5,5,4
Edeka,5,1,5,5,5,5,5,5,5,5,5,5,5
Kaufland,2,2,4,4,4,4,4,4,4,3,4,4,4
Aldi Süd,4,3,4,4,4,4,4,4,5,4,5,5,5
Real,5,3,4,4,3,4,4,3,4,4,4,4,4
Aldi Süd,4,5,5,5,4,5,2,2,4,4,4,4,4
Edeka,5,5,5,5,2,4,1,2,4,3,1,2,3
Lidl,3,2,5,4,5,4,5,5,4,2,5,5,4
Kaufland,4,4,5,3,5,5,5,5,3,3,1,2,5
Aldi Süd,3,3,4,3,3,3,3,3,4,4,4,4,4
Edeka,4,2,3,3,4,4,4,4,4,4,4,4,4
Kaufland,5,2,4,3,5,5,5,5,4,5,4,5,5
Aldi Süd,5,5,4,4,3,4,3,4,3,3,4,4,4
Lidl,4,5,5,5,5,5,5,5,5,5,5,5,5
Aldi Nord,4,2,4,4,4,3,4,5,4,4,4,4,2
Combi,3,4,4,5,4,5,4,4,3,4,5,5,5
Kaufland,4,4,4,4,4,4,4,4,4,4,4,4,4
Aldi Süd,4,4,4,4,3,4,4,4,3,3,4,4,4
Aldi Süd,4,4,4,4,4,4,4,4,5,5,4,4,4
Kaufland,2,2,4,4,4,4,4,4,4,4,4,4,4
Lidl,4,3,3,4,4,3,3,3,3,3,3,3,3
Rewe,3,4,3,4,4,4,5,3,3,5,3,4,4
Netto (Rot),4,4,3,4,3,3,5,4,4,4,4,4,4
Lidl,5,4,5,5,5,5,4,5,4,5,5,5,5
Netto (Rot),4,4,4,4,4,4,4,3,3,2,3,3,4
Andere,4,3,5,4,5,5,5,5,5,5,3,3,3
Lidl,3,2,4,2,3,4,4,3,4,4,4,3,4
Lidl,5,5,5,5,5,5,5,5,5,5,5,5,5
Edeka,3,2,4,3,5,5,4,4,4,3,5,4,4
Penny,3,3,4,4,4,4,4,5,5,5,5,5,5
Lidl,3,2,5,4,5,5,4,4,5,5,5,5,5
Lidl,4,3,4,4,4,4,4,4,4,4,4,4,4
Netto (Rot),3,5,5,5,5,5,4,5,5,1,1,1,4
Edeka,3,3,3,3,3,3,3,2,4,4,4,4,4
Denn's,5,5,4,2,3,4,4,4,4,3,5,3,3
Kaufland,4,4,5,4,4,4,4,4,3,3,3,2,2
Kaufland,4,3,4,4,4,4,3,4,4,4,4,4,4
Aldi Süd,4,4,5,4,3,4,4,4,5,4,4,5,5
Edeka,2,2,3,2,3,3,3,3,5,5,5,5,5
Aldi Nord,3,3,4,4,4,4,5,4,4,1,5,3,4
Edeka,2,3,4,4,5,4,4,4,4,2,5,5,5
Penny,2,2,4,4,4,4,4,4,4,4,4,4,4
Aldi Süd,2,1,3,4,5,5,4,4,5,5,5,5,4
Kaufland,3,3,3,3,5,5,5,5,5,5,5,5,5
Edeka,4,4,3,3,3,4,3,3,3,4,4,3,4
Lidl,4,3,5,4,5,5,5,5,4,4,4,4,4
Globus,3,2,3,3,4,4,4,4,3,4,4,4,4
Kaufland,2,3,3,3,4,4,3,3,4,3,4,5,4
Netto (Rot),4,4,4,4,4,5,3,3,4,3,3,4,4
Netto (Rot),4,4,4,4,4,4,4,4,4,4,4,4,4
Netto (Rot),4,4,4,4,3,4,3,3,2,2,3,2,2
Lidl,4,4,5,5,5,5,4,4,3,3,5,4,4
Lidl,3,3,3,3,5,4,4,4,4,4,4,4,4
Edeka,4,3,4,4,5,4,5,5,4,4,3,4,3
Rewe,2,2,2,2,4,4,4,4,2,2,4,3,3
Rewe,4,4,5,5,5,5,5,4,4,4,5,5,5
Globus,4,4,4,4,4,4,4,4,3,3,4,4,4
Netto (Rot),4,3,4,4,4,3,4,4,3,3,3,3,4
Lidl,4,4,4,4,4,4,4,4,4,1,4,4,3
Aldi Süd,1,1,2,2,3,3,4,3,5,5,5,5,5
Penny,5,5,5,5,5,5,5,5,5,5,5,5,5
Rewe,4,4,4,4,4,4,4,4,4,4,4,4,4
Netto (Rot),3,3,4,4,4,4,4,3,4,4,3,4,4
Netto (Rot),5,5,5,5,5,5,5,5,3,3,2,2,3
Rewe,5,5,5,5,5,5,4,5,3,3,3,4,4
Rewe,3,3,5,5,4,4,3,4,5,5,3,2,3
Aldi Süd,5,3,5,4,4,5,4,4,5,4,5,5,4
Lidl,5,4,5,5,4,5,5,5,4,3,4,5,5
Edeka,4,3,3,4,3,3,5,4,4,4,5,5,4
Edeka,2,2,3,4,3,3,4,3,4,3,3,4,4
Rewe,4,2,3,3,5,4,5,5,4,5,4,4,4
Netto (Rot),2,2,3,2,4,3,3,3,4,3,4,4,3
Edeka,5,5,5,5,5,5,5,5,5,5,5,5,5
Kaufland,5,4,4,5,5,5,4,5,4,4,4,4,4
Lidl,5,4,4,5,4,4,4,4,4,3,4,3,5
Aldi Nord,5,5,5,5,5,5,5,5,5,5,5,5,5
Rewe,3,2,3,4,5,4,4,4,3,3,4,4,3
Real,4,3,5,5,5,5,5,5,5,5,5,5,5
Penny,2,3,4,4,4,4,4,3,3,2,3,4,4
Aldi Nord,5,5,5,5,4,5,5,5,5,4,5,5,5
Aldi Süd,4,4,4,4,5,4,4,4,4,4,4,4,4
Edeka,5,5,5,5,5,4,3,5,3,4,1,1,1
Rewe,5,4,4,4,5,4,5,4,4,4,5,4,4
Tegut,4,3,4,3,4,4,4,4,2,4,4,4,2
Rewe,4,4,5,4,4,4,4,4,5,5,5,5,5
Netto (Rot),3,2,4,5,5,4,4,4,3,4,4,4,4
Real,2,3,3,3,5,4,4,4,5,5,4,5,4
Rewe,5,5,4,5,3,4,3,3,5,5,4,4,4
Rewe,4,3,5,5,5,5,5,5,5,5,5,5,5
Aldi Nord,5,5,5,5,5,5,5,5,5,5,5,5,5
Netto (Rot),3,4,4,5,5,5,5,5,5,5,5,5,5
Edeka,3,3,3,3,4,4,5,5,5,5,5,5,5
Aldi Süd,3,3,4,5,3,4,4,3,4,3,5,4,4
Edeka,4,4,4,4,4,4,4,4,5,5,5,5,5
Kaufland,4,3,4,5,4,5,4,4,2,3,4,4,5
Rewe,5,4,4,5,4,4,4,4,2,3,4,3,3
Edeka,3,3,3,3,4,4,4,4,5,4,4,4,4
Edeka,3,3,3,3,3,3,3,3,5,3,5,4,3
Edeka,1,1,1,1,5,5,5,5,5,5,5,5,4
Lidl,4,3,4,5,5,5,5,5,3,4,3,3,4
Edeka,4,3,5,4,3,4,3,2,4,3,4,4,4
Aldi Nord,1,5,5,5,1,5,1,1,3,1,5,1,1
Kaufland,5,4,3,4,5,4,5,4,5,5,5,5,5
Real,4,3,5,4,5,5,5,5,4,5,5,5,5
Lidl,2,3,4,3,3,3,3,3,4,4,4,4,4
DM,4,4,5,5,4,4,5,5,5,5,4,4,5
Edeka,4,2,4,3,4,4,4,4,4,4,5,5,5
Aldi Nord,3,1,4,4,5,5,5,5,5,5,5,4,4
Aldi Süd,4,4,4,4,3,4,4,4,3,4,4,4,4
Rewe,5,3,4,5,3,4,3,3,5,5,5,5,5
Rewe,3,2,2,2,3,4,5,4,5,5,4,4,5
Rewe,3,3,4,4,5,4,4,4,4,4,4,4,4
Edeka,4,3,4,4,4,4,4,3,3,3,3,3,4
Kaufland,4,3,4,4,4,4,4,4,4,4,4,4,4
Aldi Nord,3,3,5,5,4,5,5,5,5,5,2,5,5
Edeka,3,5,3,4,3,5,5,4,4,4,4,2,3
Kaufland,5,5,5,5,4,5,4,4,3,2,4,3,4
Rewe,3,2,3,3,5,4,5,5,5,5,4,4,4
Netto (Rot),2,2,3,3,4,3,3,3,4,4,3,3,2
Edeka,4,1,5,4,5,5,5,5,5,5,5,5,5
Kaufland,5,3,5,5,5,5,5,5,1,2,1,1,3
Aldi Süd,5,3,5,5,5,5,4,5,3,2,5,3,1
Edeka,4,3,4,3,5,5,5,5,4,1,5,5,4
Kaufland,3,2,3,3,5,5,5,5,4,4,4,5,5
Lidl,3,3,5,5,4,3,3,4,3,3,4,4,4
Rewe,4,3,3,4,5,4,4,3,1,2,4,4,5
Netto (Rot),3,3,5,4,5,5,5,5,4,1,3,4,4
Kaufland,4,4,4,4,4,3,3,3,4,4,4,4,4
Edeka,4,3,3,4,5,4,3,3,3,2,4,3,3
Norma,5,5,5,5,5,5,5,4,5,4,4,4,4
Penny,5,5,5,5,4,4,4,4,5,4,5,4,4
Norma,4,4,4,4,3,4,3,3,4,1,2,1,3
Netto (Rot),5,5,5,5,5,5,4,5,5,5,5,5,5
Edeka,4,4,4,4,4,4,4,4,4,4,4,4,4
Aldi Süd,2,4,3,4,3,2,4,4,3,3,3,3,3
Aldi Süd,5,5,5,4,4,2,2,2,5,3,5,4,4
Rossmann,3,3,4,4,3,4,3,3,4,4,4,4,4
Rewe,5,3,5,5,5,5,5,5,3,3,3,3,3
Netto (Rot),3,4,4,4,4,4,4,4,3,3,4,4,4
Rewe,5,5,5,5,5,5,5,5,4,4,4,4,4
Andere,4,3,4,4,4,4,4,4,4,4,4,4,3
Kaufland,5,4,4,5,5,5,4,4,4,5,5,3,5
Norma,2,4,4,4,3,2,2,2,4,4,3,3,4
Real,5,3,4,4,4,4,4,4,5,5,5,5,5
Kaufland,4,3,4,3,4,4,4,3,3,3,4,3,4
Edeka,3,4,5,5,5,5,5,5,5,5,5,5,5
Edeka,5,4,5,4,5,5,4,4,5,4,5,5,4
Aldi Süd,5,3,5,4,5,5,5,5,3,4,4,4,5
Real,5,3,5,5,5,4,5,5,5,5,5,5,5
Netto (Rot),5,5,5,5,3,4,3,3,5,5,5,5,5
Lidl,2,2,4,3,4,4,4,4,4,4,4,4,4
Lidl,5,4,4,4,4,4,5,4,5,5,5,4,5
Edeka,3,3,3,2,3,3,3,3,5,4,4,4,4
Kaufland,5,5,4,5,5,5,5,5,5,5,5,5,5
Kaufland,4,5,5,5,3,4,4,3,5,4,4,4,5
Penny,5,5,5,5,5,5,5,5,3,3,1,2,2
Kaufland,4,4,4,3,4,3,3,4,4,4,3,4,4
Netto (Rot),5,5,5,5,5,5,5,5,5,5,5,5,5
Aldi Nord,4,3,3,2,3,4,3,3,4,4,4,4,4
Rewe,4,3,3,2,4,3,3,3,4,4,4,5,4
Globus,5,3,5,5,3,3,3,3,4,5,5,5,5
Andere,2,1,4,2,4,4,4,4,5,5,5,5,5
Kaufland,1,1,5,4,4,4,4,4,2,3,2,3,2
Kaufland,4,4,4,4,4,4,4,4,4,4,4,4,4
Edeka,3,3,4,3,4,4,4,4,5,5,5,5,5
Aldi Süd,3,3,4,4,4,4,5,5,4,4,4,3,3
Kaufland,4,4,5,5,4,4,4,4,3,4,4,4,4
Lidl,4,3,4,2,4,3,4,4,3,4,4,3,2
Rewe,5,4,4,4,4,4,4,4,4,4,4,5,4
Lidl,5,5,5,5,4,5,5,5,4,5,4,4,5
Penny,5,5,5,5,5,5,5,5,5,5,5,5,5
Kaufland,1,2,2,1,5,4,4,5,4,2,3,2,3
Edeka,1,2,5,3,4,4,4,4,4,5,5,5,5
Edeka,5,5,4,5,4,5,5,4,5,5,4,5,5
Rewe,4,3,5,4,5,5,5,5,4,5,5,4,5
Rewe,5,4,5,5,4,4,4,4,5,5,5,4,5
Lidl,4,4,5,5,3,4,4,5,5,5,4,5,4
Real,4,5,4,4,4,5,4,5,5,4,4,4,4
Edeka,4,5,4,4,5,5,5,5,4,4,4,4,4
Penny,4,4,4,4,4,4,4,4,4,3,3,3,3
Real,5,5,5,5,4,4,3,3,5,5,5,5,5
Kaufland,4,5,5,5,2,5,2,1,4,2,5,5,4
Lidl,4,4,4,4,4,4,4,4,4,4,4,4,4
Edeka,5,5,5,5,5,5,5,5,4,4,4,4,4
Aldi Nord,4,3,4,4,4,4,4,4,4,3,4,4,4
Rewe,4,4,4,3,4,4,2,4,3,3,4,4,4
Rewe,2,2,2,3,4,3,4,4,5,5,5,5,5
Kaufland,2,2,3,3,4,4,4,4,5,5,5,5,5
Aldi Süd,5,5,5,5,4,5,4,4,3,3,4,4,4
Hit,2,1,3,3,4,4,4,4,3,4,4,4,4
Kaufland,5,5,3,5,4,4,3,3,5,5,5,5,5
Rewe,5,5,5,5,4,5,3,3,4,5,4,4,5
Aldi Nord,5,5,5,5,4,4,4,4,3,3,2,2,2
Edeka,3,3,4,4,5,4,3,4,3,5,4,3,3
Hit,4,3,3,4,5,5,4,4,4,4,4,4,4
Aldi Süd,3,4,4,5,3,4,4,4,5,5,5,5,5
Aldi Süd,4,3,3,3,3,3,3,3,4,4,3,4,4
Netto (Rot),5,3,5,5,5,5,5,5,4,4,3,4,4
Lidl,4,4,5,4,4,4,4,4,4,1,4,4,5
Edeka,3,2,3,3,4,4,4,4,3,4,4,4,4
Edeka,3,3,3,3,5,5,5,5,4,5,5,5,5
Aldi Süd,2,1,3,4,5,3,4,4,4,5,5,5,3
Denn's,1,1,2,2,2,4,3,3,4,4,4,4,4
DM,3,3,3,3,4,4,4,4,3,3,3,3,3
Real,3,4,4,4,3,4,4,3,4,4,4,4,4
Alnatura,3,3,3,3,3,3,3,3,4,3,3,3,3
Lidl,5,4,4,5,2,4,3,3,4,3,3,3,3
Edeka,5,4,5,5,5,5,4,4,5,4,5,5,5
Netto (Rot),2,2,3,2,4,3,5,4,4,4,5,5,5
Real,3,3,3,2,3,4,4,4,3,3,3,3,3
Aldi Nord,4,4,3,4,4,3,3,4,3,3,3,3,3
Kaufland,5,5,5,5,4,5,3,5,5,5,4,4,4
Rewe,3,2,3,3,5,5,5,5,5,4,5,5,4
Aldi Süd,3,3,3,3,3,3,4,3,5,4,3,3,4
Lidl,3,3,3,3,4,4,4,4,3,3,4,3,3
Netto (Rot),4,3,4,4,5,5,5,5,3,3,4,4,4
Edeka,5,4,4,5,5,4,5,5,5,5,4,5,5
Rewe,3,3,3,3,4,3,3,3,4,4,4,4,4
Lidl,3,3,3,4,3,3,4,2,3,3,4,3,3
Edeka,3,2,4,3,5,4,4,4,4,4,5,4,3
Andere,3,2,4,4,5,4,4,3,3,3,4,4,3
Aldi Süd,3,1,3,3,4,4,3,3,3,1,4,2,3
Lidl,5,3,5,5,4,4,4,5,4,4,5,5,4
Kaufland,4,4,3,4,3,4,3,4,4,5,4,3,3
Kaufland,4,3,3,3,4,4,4,4,4,4,4,4,4
Rewe,3,3,4,4,4,4,4,4,4,4,4,4,4
Rewe,4,4,1,1,4,4,4,4,5,4,5,5,5
Real,5,5,5,5,4,5,4,4,4,4,5,4,4
Netto (Rot),4,4,3,3,3,3,2,2,4,3,4,3,3
Edeka,3,3,3,3,4,4,4,4,3,3,2,3,3
Rewe,5,4,4,4,4,4,4,3,5,5,4,5,4
Rewe,4,2,5,3,5,5,5,5,4,4,4,4,4
Kaufland,2,3,2,2,3,4,3,2,3,4,5,5,5
Lidl,3,4,4,4,3,4,4,4,4,4,4,4,4
Aldi Nord,2,2,5,3,5,5,4,4,4,5,5,5,5
Rewe,3,2,4,3,4,4,4,4,3,4,4,4,4
Edeka,2,2,4,3,5,4,4,5,4,5,4,4,4
Andere,4,3,4,4,4,5,3,4,3,3,4,3,3
Rewe,2,3,2,3,5,5,4,5,4,4,5,5,5
Rewe,5,5,5,5,4,5,3,3,4,4,5,5,5
Edeka,3,3,4,3,4,4,4,4,3,3,4,4,3
Lidl,1,1,2,3,3,4,1,2,3,2,1,2,2
Rewe,3,3,4,4,3,4,5,5,5,5,5,3,5
Rewe,5,4,3,4,4,4,5,4,5,4,4,4,5
Edeka,4,2,4,4,5,3,4,4,2,3,4,4,4
Netto (Rot),5,3,5,3,4,4,5,4,4,2,2,2,2
Lidl,4,3,3,3,5,3,5,5,3,3,5,4,4
Rewe,4,3,4,5,4,4,4,4,5,4,5,5,5
Rewe,3,2,3,3,3,3,4,3,4,4,4,5,4
Edeka,3,3,3,3,3,3,3,3,3,4,4,4,4
Aldi Süd,4,5,5,3,4,4,5,5,3,3,4,4,3
Netto (Rot),3,3,4,3,4,4,4,4,4,4,4,4,4
nah&frisch,3,3,4,3,4,4,4,4,5,3,4,4,3
Kaufland,3,2,2,3,3,4,3,4,4,4,4,4,4
Kaufland,3,3,5,1,5,5,5,5,5,5,5,5,5
Kaufland,5,4,4,5,4,4,4,4,5,5,5,5,5
Kaufland,3,4,5,5,3,5,4,3,4,4,3,5,5
Rewe,5,5,5,5,2,3,3,2,5,5,5,5,5
Rewe,2,2,3,3,4,4,4,4,4,4,4,5,4
Globus,4,3,5,5,4,5,5,4,4,4,4,5,5
Lidl,4,5,5,5,5,4,4,5,4,4,5,5,5
Rewe,4,2,4,3,5,3,5,5,5,4,5,5,5
Aldi Süd,4,3,5,5,4,5,4,4,5,5,5,5,5
Lidl,5,4,4,5,3,4,2,2,5,4,5,4,5
Andere,5,3,4,3,4,4,3,4,4,5,5,5,5
Andere,2,2,3,3,3,3,3,3,4,1,4,3,4
Famila,3,4,3,4,5,5,4,4,5,3,5,5,4
Edeka,4,3,4,4,5,4,4,3,3,4,3,3,3
Aldi Süd,4,4,5,5,5,5,5,4,5,5,5,5,5
Lidl,4,4,3,4,4,4,4,4,4,3,3,3,4
Aldi Nord,5,3,4,5,4,5,4,4,5,5,5,5,5
Edeka,5,5,4,4,2,4,4,2,2,2,4,2,3
Lidl,5,4,5,5,4,4,5,5,5,4,3,3,3
Netto (Rot),5,4,5,5,4,4,4,4,5,5,5,5,5
Rewe,5,5,5,5,5,5,5,5,5,5,5,5,5
Aldi Süd,1,3,4,4,5,5,4,4,5,5,5,4,3
Kaufland,5,3,5,5,5,5,5,5,4,5,3,4,5
Rewe,4,3,4,3,5,5,5,5,4,3,4,4,4
Rewe,5,5,5,5,5,5,5,5,5,5,5,5,5
Edeka,3,3,4,2,5,4,4,4,4,4,4,4,4
Netto (Rot),4,4,4,4,4,4,4,4,3,4,2,2,4
Rewe,5,4,5,5,5,5,5,5,4,5,5,4,5
Kaufland,4,4,2,2,4,3,3,3,5,4,5,5,5
Edeka,4,3,5,4,4,5,4,4,4,3,3,3,3
Aldi Nord,2,2,4,3,5,4,5,5,1,2,1,4,3
Edeka,3,3,3,3,5,4,4,4,4,4,5,5,4
Edeka,5,3,4,4,5,4,4,4,5,5,4,3,5
Edeka,3,1,3,3,3,2,3,4,5,5,5,5,5
Rewe,4,3,2,4,2,3,3,2,3,3,3,3,4
Netto (Rot),5,5,5,5,5,5,5,5,5,5,5,5,5
Edeka,3,4,4,4,3,3,4,3,4,4,4,4,4
Aldi Nord,3,3,4,3,4,4,4,4,4,4,4,4,4
Lidl,4,4,4,4,4,4,4,4,4,4,4,4,4
Real,2,3,4,4,3,4,4,3,5,5,5,4,4
Netto (Rot),3,4,4,4,4,4,4,4,4,5,4,4,4
Edeka,4,3,4,4,4,5,5,5,4,5,5,5,4
Lidl,3,2,3,3,5,5,5,5,3,2,5,4,5
Aldi Nord,3,4,4,5,4,4,4,3,3,2,2,2,3
Edeka,2,4,2,3,3,3,2,2,2,3,4,3,3
Real,4,4,3,3,5,5,4,4,5,5,5,5,5
Lidl,4,5,5,5,3,5,5,4,5,3,5,5,5
Netto (Schwarz),3,3,4,5,5,5,5,5,5,5,5,5,5
Kaufland,5,3,5,5,4,4,4,5,4,4,4,5,5
Rewe,4,3,3,3,4,4,4,3,2,3,4,4,3
Edeka,3,3,3,3,5,4,4,5,3,3,2,2,3
Lidl,4,4,3,3,4,4,4,4,4,3,3,3,4
Real,4,3,5,5,4,3,5,5,5,4,5,5,5
Edeka,3,3,4,4,3,4,4,4,4,4,4,4,4
Edeka,5,4,4,5,5,4,5,5,4,5,5,5,5
Aldi Nord,4,4,4,2,5,5,4,5,5,5,5,5,5
Rewe,2,2,4,3,3,3,4,3,4,4,4,4,5
Lidl,4,3,3,4,4,4,4,3,4,2,5,4,4
Rewe,5,2,4,4,5,5,5,5,5,4,5,5,5
Lidl,4,3,4,4,3,4,4,4,5,5,4,4,5
Penny,4,3,5,4,4,4,5,3,5,3,5,5,5
Edeka,2,2,3,3,5,4,4,4,4,4,4,4,4
Rewe,5,5,5,5,3,5,5,5,5,5,5,5,5
Netto (Rot),4,3,4,4,4,5,5,5,3,4,4,4,4
Penny,4,3,3,4,4,4,4,4,4,2,3,3,4
Edeka,4,4,3,4,4,5,5,4,3,4,3,3,4
Real,1,1,2,2,4,3,4,4,4,4,4,4,4
Edeka,3,4,3,4,3,3,4,3,5,4,4,4,4
Aldi Nord,5,5,5,5,5,5,5,5,5,5,5,5,5
DM,4,4,4,4,4,4,4,4,4,4,4,4,4
Kaufland,3,4,4,4,3,4,4,3,3,3,4,4,5
Rewe,3,3,4,5,3,3,4,3,5,5,5,5,5
Denn's,4,3,3,3,5,5,5,3,4,4,4,4,4
Real,5,5,5,5,5,5,5,5,5,5,5,5,5
Lidl,3,3,4,5,5,4,4,4,3,3,4,4,4
Real,3,3,4,4,3,4,4,4,4,5,5,4,4
Rewe,3,4,4,3,4,4,4,4,4,4,4,4,4
Rewe,4,3,4,4,4,4,4,4,4,4,4,3,3
Kaufland,2,4,4,4,4,4,4,4,4,4,4,4,4
Edeka,5,3,5,5,4,5,4,1,4,4,3,5,5
Real,4,2,3,3,5,5,5,5,5,5,5,5,5
Rewe,5,5,5,5,4,4,5,5,5,5,5,5,5
Real,5,5,5,5,5,5,5,5,5,5,5,5,5
Lidl,4,2,3,3,3,3,5,5,5,3,5,5,5
Aldi Nord,3,4,4,4,5,5,5,4,5,4,4,4,5
Aldi Süd,5,5,3,5,3,3,3,3,4,1,5,5,4
Lidl,3,4,4,4,4,5,5,4,5,5,4,5,5
Lidl,3,2,3,3,4,4,4,4,5,5,4,4,4
Lidl,5,5,4,5,5,5,4,4,5,5,5,5,5
Lidl,5,5,5,5,3,3,3,4,4,4,4,4,4
Lidl,3,1,4,5,5,4,5,5,5,5,5,5,5
Edeka,2,2,3,2,5,4,4,4,5,5,5,5,5
Rewe,3,2,5,5,4,5,5,4,3,4,3,4,3
Real,2,3,3,2,4,4,4,4,4,4,4,4,5
Aldi Nord,4,4,4,4,5,4,4,4,4,4,4,4,4
Edeka,3,3,5,4,5,5,5,1,2,4,2,3,3
Lidl,5,3,5,5,5,5,4,4,2,3,2,2,3
Real,3,3,3,3,5,3,4,5,4,4,4,4,3
Edeka,3,3,5,5,4,4,4,4,2,2,1,2,3
Edeka,3,2,5,3,5,5,5,5,2,2,2,1,1
Aldi Süd,4,4,4,4,4,4,4,4,4,4,4,4,4
Tegut,4,1,4,3,5,4,5,5,4,4,4,5,5
Rewe,4,4,4,4,4,4,3,4,5,3,3,4,4
Netto (Rot),5,5,5,5,3,5,5,5,5,5,5,5,5
Netto (Rot),4,5,5,5,4,4,5,5,5,5,5,5,4
Kaufland,2,2,5,4,4,3,4,4,5,4,4,3,2
Edeka,2,1,4,3,5,5,5,5,5,4,3,5,5
Rewe,3,3,5,4,4,4,4,4,4,5,3,4,4
Aldi Süd,3,2,3,4,4,4,4,4,4,4,5,5,4
Aldi Süd,4,3,5,4,5,4,5,5,4,5,5,4,5
Netto (Rot),3,3,4,3,2,4,4,4,3,1,2,3,3
Edeka,2,1,2,3,5,5,5,5,4,4,4,4,4
Lidl,5,4,4,4,2,3,3,3,4,5,5,5,5
Rewe,3,3,2,3,4,3,3,2,4,4,4,4,4
Rewe,2,2,4,2,5,5,5,3,4,4,4,3,3
Lidl,3,2,4,3,4,4,3,4,4,4,4,4,4
Rewe,3,2,4,4,4,4,4,4,4,5,2,4,4
Aldi Nord,2,4,3,3,3,4,3,4,5,4,5,5,5
Rewe,4,4,4,4,3,3,3,3,2,2,3,3,4
Edeka,3,3,4,4,3,4,4,4,3,3,3,4,4
Kaufland,5,5,5,5,3,4,5,5,5,5,3,3,3
Netto (Rot),4,3,4,4,3,4,3,2,2,1,5,4,4
Aldi Süd,3,3,3,3,4,4,4,3,4,4,4,3,4
Edeka,4,4,4,4,4,4,4,4,4,4,4,4,4
Rewe,5,4,5,5,4,5,5,5,2,3,2,3,3
Lidl,3,4,4,4,5,5,5,5,5,5,5,5,5
Lidl,4,4,2,4,3,3,4,3,4,2,4,2,3
Rewe,3,3,2,2,4,5,3,2,4,5,4,5,5
Real,5,4,5,5,5,5,5,4,5,5,5,5,5
Lidl,3,2,5,5,5,5,4,3,5,4,4,3,4
Aldi Nord,3,3,4,4,4,4,4,4,4,4,4,4,4
Edeka,4,4,4,4,3,4,3,3,2,4,4,4,4
Edeka,2,2,3,3,4,4,4,4,5,5,4,4,5
Kaufland,2,3,3,3,4,4,4,3,4,4,4,3,3
Norma,4,3,4,4,4,4,5,5,3,3,2,3,4
Aldi Nord,3,3,4,3,5,5,2,5,4,4,5,5,5
Edeka,3,2,3,2,5,4,4,4,4,4,4,4,4
Lidl,3,4,3,4,4,4,5,3,4,4,3,4,4
Edeka,3,3,4,4,4,4,4,4,5,5,4,5,5
Rewe,2,2,5,4,4,4,5,4,4,5,4,4,5
Rewe,3,3,4,4,5,5,5,5,4,5,5,4,5
Real,4,4,5,5,5,5,5,5,5,5,5,5,5
Globus,5,4,5,5,4,5,5,5,3,5,5,5,4
Netto (Schwarz),3,3,3,3,3,3,3,3,3,3,3,3,3
Rewe,4,4,4,4,2,4,4,4,4,4,5,5,5
Netto (Rot),5,4,5,5,4,4,5,5,3,2,3,4,4
Netto (Rot),5,4,4,5,4,4,4,4,4,4,3,3,3
Edeka,4,5,4,4,3,4,4,3,4,4,5,4,5
Aldi Süd,5,4,3,3,3,4,4,4,4,1,5,4,4
Globus,3,2,4,3,3,3,3,4,3,3,3,3,3
Rewe,3,2,3,2,4,3,4,4,4,4,4,4,4
Rewe,4,3,4,4,4,4,4,4,3,3,3,4,4
Netto (Rot),3,3,3,3,3,4,3,3,4,3,3,3,3
Rewe,4,3,4,4,3,3,3,3,3,3,4,4,4
Rewe,3,1,5,3,5,5,5,5,3,4,1,3,3
Norma,3,3,3,3,3,3,3,3,3,2,4,4,4
Edeka,5,3,5,5,5,4,4,4,3,3,4,4,3
Aldi Süd,1,3,1,1,4,3,4,5,5,3,5,4,5
Lidl,5,4,5,5,5,5,5,5,4,5,5,4,5
Aldi Süd,5,5,5,5,5,5,5,5,5,5,5,5,5
Lidl,5,5,5,5,5,5,5,5,4,5,5,5,5
Lidl,2,3,4,4,4,4,4,3,3,3,3,3,3
Lidl,4,3,4,5,5,4,3,3,4,2,5,4,5
Aldi Nord,5,3,4,4,5,5,5,5,5,5,5,5,5
Aldi Süd,3,4,3,3,3,4,3,2,5,4,5,5,5
Edeka,4,3,4,3,3,4,4,3,5,4,5,5,5
Edeka,2,3,3,3,4,3,4,3,4,4,4,4,3
Edeka,3,3,3,3,3,4,4,3,4,3,4,4,4
Rewe,5,3,4,3,5,5,4,4,4,4,5,3,5
Edeka,2,3,4,1,2,3,2,3,2,3,2,3,2
Kaufland,2,2,5,3,5,4,5,5,4,5,5,5,5
Aldi Süd,1,4,2,1,2,3,3,3,4,4,4,4,4
Edeka,1,2,3,2,5,4,5,5,4,5,4,3,4
Lidl,4,4,4,4,5,5,4,4,3,3,4,4,4
Amazon,4,4,4,4,4,4,5,4,4,5,4,5,4
Aldi Süd,4,5,5,5,5,5,5,5,4,4,5,5,5
Lidl,3,3,3,3,3,3,3,3,5,5,5,5,5
Penny,5,3,4,4,4,4,4,4,4,4,4,4,4
Real,3,3,3,3,3,3,3,3,3,3,3,3,3
Rewe,4,3,3,4,2,5,4,4,5,5,5,5,5
Penny,4,2,4,4,4,4,4,4,5,5,5,5,5
Edeka,5,5,5,5,4,5,5,4,5,5,5,5,5
Rewe,4,4,3,4,3,4,3,4,4,4,4,5,5
Netto (Rot),3,3,3,3,3,4,3,3,4,3,3,3,3
Lidl,4,4,4,4,3,3,3,3,3,4,3,3,4
Globus,4,3,5,4,3,4,4,4,3,4,4,5,5
Aldi Süd,2,1,3,3,5,4,4,5,4,4,5,5,4
Netto (Rot),4,4,4,4,4,4,4,4,4,4,4,4,4
Lidl,3,2,4,3,4,3,4,4,4,4,4,4,4
Edeka,2,3,3,3,4,3,4,4,4,4,3,4,4
Aldi Nord,4,3,4,5,5,5,5,4,4,3,5,4,4
Edeka,3,3,4,4,5,4,5,4,3,4,4,4,3
Rewe,5,5,5,5,5,5,5,5,5,5,5,5,5
Rewe,3,3,3,4,3,3,5,3,5,4,4,3,3
Edeka,4,3,2,2,3,3,4,3,2,3,2,3,4
Aldi Süd,4,3,4,4,5,4,4,4,4,4,4,5,4
Kaufland,4,3,4,3,5,5,5,5,5,5,5,5,5
Kaufland,3,3,4,3,4,4,4,4,4,5,4,5,5
Kaufland,2,1,2,4,2,2,1,2,4,2,3,2,5
Norma,5,4,4,5,3,4,3,3,4,4,4,4,4
Rewe,4,4,5,4,5,5,5,5,5,5,5,5,5
Edeka,5,5,5,5,2,4,5,5,4,4,5,5,5
Rewe,4,3,4,4,4,4,4,4,5,4,4,4,4
Lidl,4,4,5,5,4,5,5,3,4,2,3,4,4
Lidl,3,3,3,3,4,4,4,4,5,5,5,5,5
Rewe,3,1,4,3,3,2,3,4,3,3,5,3,5
Lidl,3,1,3,3,5,5,5,5,5,5,5,5,5
Edeka,2,3,3,3,3,4,3,3,4,4,4,4,4
Edeka,3,2,5,5,5,4,4,5,4,5,4,4,4
Rewe,4,3,4,3,3,3,2,4,4,4,5,3,3
Rewe,3,3,5,5,5,5,5,5,5,5,5,5,5
Penny,4,4,4,4,3,4,4,3,3,4,5,5,5
Lidl,2,2,4,5,5,4,4,4,3,4,3,3,2
Rewe,3,2,4,3,3,4,4,3,5,5,4,5,4
Real,4,4,4,4,4,4,4,4,4,4,4,4,4
Kaufland,4,4,4,4,4,4,4,4,4,5,4,4,4
Aldi Süd,5,5,5,5,3,3,3,3,5,5,5,5,5
Norma,3,3,4,4,3,3,3,3,4,4,3,3,4
Real,5,4,5,5,3,4,3,3,2,3,3,3,3
Edeka,5,4,5,4,3,4,4,3,5,5,5,5,3
Edeka,1,1,3,1,5,1,5,5,5,5,5,5,5
Rewe,2,1,1,1,5,4,4,4,5,5,5,5,4
Rewe,5,2,3,2,5,5,5,5,4,3,5,4,5
Edeka,3,3,3,3,4,4,3,3,4,4,3,4,4
Rewe,2,1,3,2,5,3,5,5,4,4,5,5,5
Penny,3,2,2,3,3,3,4,3,3,3,5,3,3
Aldi Süd,4,2,5,4,5,5,5,5,4,5,5,5,4
Lidl,3,3,3,3,3,3,3,3,3,3,4,3,3
Kaufland,4,4,4,4,5,5,4,4,4,4,4,4,4
Norma,3,2,3,3,4,4,3,3,2,1,3,2,3
Aldi Süd,4,4,5,5,4,4,5,5,4,3,4,3,5
Rewe,5,3,5,5,4,5,5,5,4,5,4,4,4
Edeka,2,1,4,2,4,4,4,3,5,5,5,5,5
Edeka,3,3,3,3,3,3,3,3,4,4,4,4,4
Kaufland,4,4,4,4,4,4,4,4,1,2,3,2,2
Rewe,2,2,3,2,5,5,4,5,2,4,4,3,4
Edeka,4,3,4,5,3,1,4,4,4,5,5,5,5
Rewe,4,2,3,4,4,3,4,4,4,3,4,4,4
Rewe,3,3,4,5,4,5,5,5,5,5,5,5,5
Edeka,4,2,4,4,4,4,4,4,3,4,4,3,3
Lidl,3,2,3,1,4,4,4,3,3,4,4,4,5
Lidl,2,3,4,3,4,4,4,4,4,4,4,4,4
Rewe,3,3,4,4,5,4,4,4,3,4,4,4,4
Mix Markt,3,3,3,3,3,2,3,3,3,2,3,2,2
Lidl,4,4,5,5,4,4,5,4,3,4,3,3,3
Real,1,1,1,1,3,3,3,3,5,5,5,5,5
Aldi Nord,4,4,4,4,3,3,4,4,4,1,4,4,4
Netto (Rot),5,4,4,5,4,4,4,4,2,2,3,3,2
Netto (Rot),2,3,4,3,3,3,3,3,1,1,1,4,5
Famila,3,3,3,3,4,4,4,4,4,4,5,5,5
Penny,4,5,5,5,1,1,1,2,4,3,2,2,3
Edeka,3,2,5,2,5,4,5,5,3,3,3,3,3
Kaufland,4,5,5,4,5,4,3,5,4,4,4,4,2
Edeka,5,5,5,5,5,5,5,5,5,5,5,5,5
Kaufland,4,4,5,5,4,4,4,4,5,5,5,5,5
Rewe,4,4,5,5,3,2,2,2,4,3,4,4,4
Netto (Rot),4,4,4,4,4,4,4,4,4,4,4,4,4
Netto (Rot),5,5,5,5,3,5,4,5,5,5,5,5,5
Kaufland,1,2,3,4,2,3,4,5,2,3,4,5,3
Rewe,5,3,4,4,4,4,4,4,3,2,4,3,3
Edeka,5,5,5,5,4,2,4,3,3,4,4,3,4
Netto (Rot),2,1,2,4,3,2,2,2,3,2,3,2,3
Kaufland,4,3,4,4,5,5,5,5,4,5,5,5,5
Rewe,3,3,4,3,4,3,4,4,4,5,4,3,5
Tegut,3,4,2,4,4,4,3,4,3,4,4,3,4
Aldi Nord,3,3,3,3,4,4,4,4,4,4,5,4,5
Kaufland,5,4,5,5,4,5,5,4,4,5,4,4,5
Kaufland,1,2,3,1,5,4,5,5,4,5,5,4,5
Netto (Rot),4,3,4,4,4,4,4,4,4,4,4,4,4
Rewe,1,2,4,2,4,3,4,4,4,4,5,4,5
Aldi Nord,2,2,3,3,4,4,4,4,4,4,5,5,5
Aldi Süd,3,3,3,4,3,3,4,4,4,4,3,3,3
Penny,4,2,3,4,5,4,4,5,3,2,3,1,2
Netto (Rot),3,4,4,5,4,3,3,3,3,4,5,4,3
Aldi Süd,5,4,4,5,5,5,5,5,4,5,4,4,4
Lidl,3,2,5,5,5,5,3,5,4,4,5,5,5
Rewe,2,1,1,3,5,3,5,4,3,4,5,4,3
Rewe,4,3,5,5,4,5,5,4,5,5,5,5,5
Aldi Süd,3,4,4,4,4,4,4,4,5,2,5,4,4
Netto (Rot),1,1,2,3,4,2,1,2,1,1,4,5,3
Penny,4,4,4,4,4,4,4,4,4,4,4,4,4
Rewe,3,2,3,3,5,5,5,5,4,5,4,4,4
Kaufland,3,3,4,3,3,4,4,3,4,4,3,4,4
Real,5,3,5,4,4,4,5,4,4,4,5,4,4
Lidl,3,3,4,4,3,4,4,4,3,3,4,3,3
Real,5,3,5,5,5,4,4,4,4,5,5,5,4
Lidl,5,5,4,3,4,4,4,4,3,3,4,4,4
Penny,3,3,3,3,4,3,3,3,5,5,5,4,4
Lidl,5,5,5,5,1,5,5,5,4,4,4,4,4
Rewe,5,5,5,5,4,4,4,5,5,5,5,5,5
Globus,4,4,3,1,4,4,4,4,5,5,5,5,5
Aldi Nord,2,4,4,2,3,4,4,3,4,2,5,4,4
Edeka,5,4,3,5,3,3,2,4,4,4,5,4,4
Netto (Rot),2,1,3,3,5,5,3,4,4,4,3,4,3
Edeka,4,4,4,4,3,4,3,3,4,5,5,4,4
Edeka,5,5,5,5,5,5,5,5,5,5,5,5,5
Rewe,2,2,4,2,5,3,5,5,5,5,5,5,5
Globus,3,2,3,3,5,5,5,5,5,4,5,5,5
Kaufland,4,4,4,5,3,3,4,3,4,3,3,3,4
Kaufland,5,5,5,5,4,5,5,5,3,4,4,4,3
Edeka,3,3,5,4,4,4,4,3,4,3,4,3,4
Rewe,2,2,4,3,4,4,4,4,4,4,4,4,4
Rewe,3,2,3,3,4,4,4,4,5,5,5,5,5
Penny,3,3,4,5,4,4,3,4,3,3,4,3,3
Rewe,3,4,4,3,3,4,3,4,4,3,4,4,3
Lidl,3,3,4,4,4,4,4,4,2,3,3,3,3
Netto (Rot),1,1,2,3,4,4,4,4,4,5,5,5,5
Edeka,4,4,4,5,5,5,5,4,4,4,4,4,4
Aldi Nord,3,3,5,4,5,5,4,5,5,5,5,5,5
Lidl,4,3,5,5,4,5,4,4,5,5,5,5,5
Aldi Nord,1,1,1,1,5,3,5,5,5,5,5,5,5
Netto (Rot),5,3,5,4,4,5,4,4,5,2,4,5,5
Lidl,3,3,4,3,3,3,3,3,3,3,4,4,3
Real,4,3,4,4,3,4,4,4,3,5,3,4,2
Aldi Süd,2,4,5,5,5,5,4,4,4,4,5,5,5
Rewe,3,2,3,3,4,4,3,4,5,5,4,5,4
Globus,4,3,4,1,3,4,4,2,5,4,5,5,5
Aldi Süd,3,3,5,4,5,4,4,4,5,4,4,3,4
Netto (Rot),3,4,4,4,3,4,3,3,4,3,4,4,3
Netto (Rot),1,1,3,1,5,4,4,4,4,2,2,4,2
Edeka,3,3,5,4,5,5,5,5,5,5,5,5,5
Famila,4,3,4,5,3,4,4,3,4,3,5,5,4
Alnatura,2,1,3,2,5,5,5,5,5,5,5,5,5
Netto (Rot),3,5,4,4,4,4,2,3,4,5,2,4,4
Edeka,5,5,5,5,5,5,5,5,5,5,5,5,5
Aldi Nord,4,4,4,4,4,4,4,4,3,3,3,2,3
Kaufland,5,5,5,5,4,5,4,3,4,5,5,5,5
Rossmann,3,3,3,3,4,3,3,4,3,4,3,4,4
Rewe,3,3,5,5,5,5,5,5,3,3,3,3,3
Edeka,5,5,5,5,5,3,4,5,5,5,5,5,5
Tegut,3,1,3,4,4,4,4,4,4,4,4,4,4
Netto (Rot),3,5,3,2,3,3,2,4,4,5,4,5,4
Penny,4,4,4,4,4,4,4,5,3,4,4,4,4
Rewe,5,2,4,4,5,5,5,5,2,2,1,1,2
Aldi Nord,4,2,3,4,3,4,4,3,4,4,4,4,4
Rewe,4,5,5,5,4,4,5,4,4,4,4,4,4
Aldi Nord,5,5,5,5,3,5,3,2,2,3,4,5,4
Aldi Süd,4,3,4,4,4,4,3,3,4,3,4,3,4
Rewe,5,5,5,5,5,5,5,5,4,4,4,5,4
Kaufland,3,2,4,4,4,4,4,4,5,5,5,5,5
Kaufland,4,4,4,4,3,4,3,3,4,4,4,4,4
Lidl,5,4,5,5,4,5,5,5,4,4,3,4,3
Lidl,1,2,3,2,2,2,3,3,4,2,3,4,3
Edeka,3,3,3,3,3,3,2,3,4,4,4,4,4
Kaufland,4,5,4,4,4,4,4,4,3,3,4,4,4
Rewe,2,1,2,3,4,4,4,5,4,5,5,5,4
Edeka,1,2,2,2,5,4,4,4,4,4,4,4,4
Netto (Rot),4,4,2,3,3,4,4,3,4,3,5,5,4
Rewe,5,5,5,5,5,5,5,5,4,4,4,4,4
Kaufland,3,4,3,3,3,3,4,4,4,4,4,3,3
Real,5,5,4,5,1,1,3,1,5,4,4,4,4
Edeka,2,2,3,3,3,3,3,4,5,5,5,5,5
Rewe,5,3,5,5,5,5,5,5,4,5,4,4,4
Globus,5,4,5,5,5,5,5,5,5,5,5,5,5
Edeka,3,3,4,4,5,5,5,5,5,5,5,5,5
Kaufland,3,3,3,3,4,4,4,3,3,3,4,4,4
Penny,4,2,4,3,4,5,5,4,5,5,3,4,5
Edeka,4,4,4,4,4,4,4,4,4,4,3,4,4
Lidl,4,2,4,4,5,4,4,4,4,3,5,3,4
Netto (Rot),2,3,5,5,5,5,5,5,5,5,5,5,5
Combi,3,3,4,4,5,4,4,4,3,2,4,2,4
Kaufland,3,3,4,4,4,4,3,3,4,3,3,4,3
Aldi Süd,3,2,3,3,5,4,5,5,3,3,4,4,3
Rewe,2,3,3,3,5,3,4,4,5,5,5,5,5
Aldi Süd,5,3,5,5,5,5,5,5,5,5,5,3,4
Penny,5,3,5,5,4,5,4,4,4,3,1,2,4
Kaufland,3,2,4,5,4,4,5,5,5,5,4,4,4
Globus,4,3,4,4,4,4,3,3,4,4,4,4,4
Lidl,4,3,3,3,3,3,3,4,4,3,3,3,4
Rewe,3,4,3,3,3,3,3,4,3,3,4,3,4
Rewe,3,4,4,3,3,3,3,4,3,3,3,4,4
Rossmann,4,3,2,4,4,4,4,4,4,5,4,5,5
Rewe,4,5,4,4,5,5,4,5,5,4,4,4,5
Netto (Rot),3,3,3,4,3,3,3,3,3,2,4,4,3
Rewe,5,3,5,5,4,5,5,5,4,5,5,5,5
Rewe,2,2,4,2,4,4,4,4,4,4,4,4,4
Andere,2,2,3,3,5,3,4,4,5,4,4,3,4
Lidl,5,3,5,5,5,5,5,5,5,5,5,5,5
Kaufland,2,2,4,3,3,3,4,4,2,2,2,2,2
Netto (Rot),3,5,4,5,5,5,5,4,3,3,5,2,4
Netto (Rot),3,4,4,4,4,4,4,4,5,4,4,4,4
Edeka,4,3,4,4,4,4,4,5,5,5,5,5,5
Kaufland,3,2,3,3,3,4,3,3,3,4,3,3,4
Kaufland,2,3,4,3,4,3,4,4,3,5,3,3,4
Edeka,2,2,3,3,5,5,5,5,4,4,4,4,4
Edeka,3,4,5,5,3,4,5,3,2,3,1,2,2
Penny,4,4,4,4,4,4,4,4,4,4,4,4,4
Rewe,5,4,5,3,4,4,4,3,3,3,5,5,5
Edeka,4,2,4,4,4,4,3,3,4,3,4,4,4
Rewe,2,1,3,2,4,3,3,4,5,5,4,4,5
Aldi Süd,3,3,5,4,4,4,4,4,5,5,5,5,5
Lidl,5,4,4,4,4,4,4,4,4,4,5,5,4
Edeka,3,2,3,3,5,4,4,4,4,4,5,5,5
Andere,4,3,4,4,3,3,4,3,3,5,5,5,5
Lidl,4,4,4,4,5,5,5,5,4,4,5,5,5
Lidl,4,2,5,5,5,5,4,5,4,3,4,4,4
Kaufland,3,3,4,3,3,4,3,3,4,3,4,3,4
Lidl,5,5,5,5,2,4,2,2,3,3,4,4,4
Rewe,5,3,3,3,3,3,3,3,4,4,4,4,4
Aldi Nord,2,2,3,3,4,4,4,4,3,3,4,4,3
Real,5,4,5,5,3,4,4,4,4,4,4,5,4
Aldi Nord,4,1,3,4,5,5,5,5,5,5,5,5,5
Lidl,2,4,5,3,4,3,5,4,5,5,5,4,4
Lidl,4,3,3,3,5,3,3,5,4,4,3,3,3
Edeka,3,2,3,3,5,5,4,4,4,5,5,4,5
Netto (Rot),5,5,5,5,1,5,1,1,5,5,5,5,5
Aldi Süd,3,4,5,4,5,4,5,5,5,5,5,4,4
Kaufland,2,4,2,2,2,5,4,4,3,3,2,1,4
Rewe,2,2,2,2,4,4,4,4,4,4,4,5,4
Edeka,3,3,3,3,4,3,3,4,3,4,4,4,5
Rewe,1,2,4,2,4,4,4,4,4,3,5,5,5
Andere,3,4,3,4,3,4,3,3,4,3,3,3,5
Rewe,2,2,2,2,3,3,4,4,5,5,5,5,5
Kaufland,4,2,5,4,4,3,3,3,3,3,4,4,4
Lidl,4,3,4,4,4,4,4,4,4,3,5,5,4
Rewe,3,2,5,4,4,4,4,3,3,3,5,4,4
Kaufland,5,3,3,5,4,3,3,4,2,2,3,3,3
Andere,2,3,3,3,3,2,2,2,2,2,3,3,3
Netto (Rot),3,4,3,4,4,3,3,4,2,3,1,2,1
Lidl,2,3,3,3,3,3,3,3,5,4,5,5,4
Rewe,4,3,4,2,3,5,4,3,4,4,4,4,5
Rewe,5,3,5,4,4,4,5,4,5,4,4,4,4
Aldi Nord,5,5,5,5,4,4,4,4,4,3,4,4,3
Norma,3,3,4,4,4,4,4,4,2,3,4,2,3
Edeka,2,3,4,4,5,4,5,5,5,5,5,5,5
Edeka,4,4,4,4,4,4,4,4,4,4,4,4,4
Netto (Rot),4,4,2,3,3,3,4,4,4,3,3,3,3
Edeka,2,2,3,3,4,3,4,4,5,5,5,5,5
Edeka,4,4,5,5,5,5,5,4,3,3,4,5,4
Penny,5,5,4,4,1,3,3,3,5,5,5,5,5
Aldi Süd,5,3,4,5,5,5,5,5,4,4,4,5,4
Rewe,5,2,2,4,4,3,4,3,4,3,4,4,3
Rewe,3,2,5,4,5,5,5,5,5,5,5,5,5
Edeka,5,3,4,5,3,3,3,3,5,5,5,3,3
Lidl,3,4,5,5,3,4,4,4,4,4,4,5,4
Lidl,4,3,4,3,4,3,4,4,4,3,4,3,4
Lidl,2,4,4,5,3,3,3,2,3,2,3,3,3
Edeka,3,2,3,3,4,4,4,4,4,4,4,4,4
Lidl,5,5,5,5,3,3,4,4,5,5,5,5,4
Aldi Nord,5,5,5,5,3,3,3,2,4,4,5,4,4
Lidl,5,5,5,5,5,5,5,5,5,5,5,5,5
Netto (Rot),5,5,5,5,5,5,5,5,5,5,5,5,5
Globus,1,1,3,3,5,5,5,5,2,3,4,4,5
Aldi Süd,4,4,5,4,5,4,3,4,4,5,5,4,4
Rewe,4,3,3,3,3,3,3,2,4,4,4,4,4
Rewe,4,4,3,3,4,2,3,2,4,3,4,3,4
Edeka,4,3,2,4,5,5,5,5,4,5,5,5,4
Edeka,3,3,5,5,4,4,4,4,4,4,4,4,4
Aldi Süd,2,2,3,3,4,3,3,4,4,4,3,3,3
Rewe,4,4,3,3,4,4,3,3,3,4,4,4,4
Netto (Rot),3,4,3,4,3,4,4,4,4,3,4,4,4
Aldi Nord,3,3,5,5,5,5,5,5,4,5,5,5,5
Edeka,2,5,4,5,2,3,3,3,4,2,5,5,5
Lidl,3,3,4,3,3,4,4,2,3,1,4,3,4
Edeka,4,4,3,4,4,4,4,4,4,4,4,4,4
Rewe,5,5,5,5,5,5,5,4,5,5,5,5,5
Edeka,5,5,4,5,5,5,5,5,4,3,5,4,4
Kaufland,3,4,4,5,3,4,4,3,4,3,4,4,3
Penny,4,5,3,4,3,4,3,3,4,3,3,3,3
Rewe,2,3,4,4,4,2,4,3,4,5,5,5,5
Rewe,5,5,5,5,4,4,4,5,5,5,5,5,5
Aldi Nord,5,5,5,5,5,5,4,5,1,1,2,2,2
Netto (Rot),4,4,4,4,4,4,4,4,4,4,5,4,5
Kaufland,3,3,4,4,3,4,4,4,4,4,4,4,4
Penny,5,4,4,4,1,1,3,2,3,2,4,4,5
Aldi Süd,4,2,4,4,4,4,5,4,4,4,5,5,5
Aldi Süd,4,4,3,5,4,4,5,3,4,5,4,4,3
Rewe,1,1,1,1,3,3,4,3,3,3,5,4,5
Lidl,2,2,3,3,4,3,4,4,5,4,4,4,5
Rewe,3,3,3,3,3,3,3,3,4,4,4,4,4
Kaufland,3,1,5,3,5,3,5,5,5,5,4,4,4
Netto (Rot),3,3,3,3,3,3,3,3,5,5,5,4,5
Lidl,5,4,5,5,5,5,5,5,4,4,5,5,5
Edeka,5,4,4,5,4,5,5,5,5,3,2,3,1
Penny,4,4,5,5,5,5,5,5,4,3,5,4,4
Denn's,3,3,5,5,3,3,4,4,3,4,5,5,5
Lidl,3,3,5,4,4,4,4,4,4,4,4,5,4
Aldi Süd,3,5,3,2,5,4,3,4,5,4,5,4,4
Edeka,4,3,5,4,5,4,4,4,5,4,4,5,4
Rewe,1,1,2,1,5,3,5,5,3,2,5,5,4
Aldi Süd,4,5,5,5,5,5,5,5,4,3,5,5,5
Rewe,2,3,4,3,3,4,4,4,4,4,4,5,4
Rewe,4,4,5,4,5,4,5,4,4,4,4,4,4
Rewe,3,3,4,3,3,3,3,3,4,4,3,3,3
Norma,3,3,3,3,4,4,4,4,4,3,4,5,4
Rewe,5,5,5,5,5,5,3,3,3,3,2,2,2
Aldi Süd,3,3,4,4,4,4,4,4,4,4,4,3,4
Penny,3,3,2,3,3,3,3,2,5,5,5,5,5
Kaufland,5,4,5,5,5,5,5,5,4,4,2,3,3
Real,2,3,4,3,4,4,5,4,5,4,4,4,4
Andere,5,4,4,5,4,5,4,4,4,4,2,4,3
Tegut,3,3,4,4,5,4,4,5,3,4,5,4,4
Lidl,4,4,4,4,4,4,4,4,3,2,4,3,3
Penny,4,4,4,4,4,5,5,5,5,5,5,5,5
Famila,3,3,4,4,3,4,4,4,5,5,5,4,5
Penny,3,3,4,4,3,4,4,4,4,3,4,4,4
Netto (Rot),4,5,3,5,5,5,5,5,4,3,3,3,4
Markant,3,2,4,4,5,4,4,4,5,5,5,5,5
DM,3,3,4,2,5,3,4,4,5,5,5,4,4
Aldi Süd,4,5,5,5,4,4,4,4,5,4,5,5,5
Denn's,5,4,4,2,5,5,4,4,4,2,3,4,4
Lidl,4,4,4,4,3,3,3,3,4,2,3,2,2
Lidl,2,2,2,2,2,2,3,3,4,4,4,4,4
Edeka,1,1,5,1,5,5,5,5,5,5,5,5,5
Rewe,3,2,5,3,3,4,5,5,4,4,4,4,4
Lidl,4,5,5,5,4,5,5,5,5,5,5,5,5
Kaufland,4,4,4,4,3,4,3,3,3,3,4,4,4
Netto (Rot),5,4,5,5,4,5,5,5,4,4,3,3,4
Edeka,3,3,3,3,3,3,4,4,3,4,2,2,3
Kaufland,4,4,4,4,4,4,4,4,4,4,4,4,4
Norma,4,4,4,4,4,4,3,4,4,4,4,4,4
Edeka,4,3,4,4,4,4,4,4,3,3,3,3,3
Rewe,3,1,5,1,5,5,3,5,5,5,5,5,5
Amazon,3,3,3,3,4,2,5,5,3,3,4,4,3
Kaufland,5,4,4,4,2,4,2,2,3,4,4,4,4
Lidl,2,3,4,3,4,5,5,5,4,5,5,5,5
Kaufland,5,5,4,4,3,5,3,4,5,4,5,5,5
Edeka,2,3,4,4,3,4,4,4,2,3,3,2,4
Aldi Süd,3,5,5,5,5,5,5,5,5,3,4,4,4
Kaufland,2,3,3,3,3,4,3,3,4,3,4,4,4
Kaufland,4,4,4,4,3,4,4,4,3,3,2,2,4
Aldi Süd,4,3,2,2,4,2,2,2,5,5,5,5,5
Kaufland,5,5,5,5,5,5,3,5,5,3,5,5,5
Penny,4,4,4,4,4,4,4,4,4,4,4,4,4
Rewe,3,3,3,3,3,3,3,3,3,3,3,3,3
Rewe,3,2,4,5,5,4,5,4,5,4,5,5,5
Netto (Rot),4,4,4,5,4,4,4,4,5,4,4,4,3
Lidl,4,4,4,4,4,4,4,4,4,4,4,4,4
Edeka,4,2,4,4,3,4,3,4,4,3,4,4,4
Edeka,3,3,3,3,3,3,3,3,4,4,4,4,4
Aldi Süd,4,4,4,4,4,4,4,4,4,5,5,4,4
Netto (Rot),3,3,3,3,4,4,3,3,4,4,5,4,5
Kaufland,3,3,3,3,3,4,4,3,3,2,5,4,5
Aldi Süd,2,3,3,2,4,4,4,4,5,4,5,5,5
Penny,4,4,4,4,3,4,3,4,3,3,4,3,4
Rewe,4,3,5,5,5,5,5,5,5,5,5,5,4
Aldi Süd,1,2,3,3,4,1,3,1,4,4,4,4,5
Penny,5,5,5,5,4,5,4,4,4,4,5,4,4
Edeka,4,4,4,4,3,4,4,3,1,2,4,4,4
Penny,1,3,2,1,3,3,3,3,4,4,1,1,4
Rewe,3,2,3,4,4,4,4,3,4,4,5,4,5
Aldi Nord,4,5,4,4,4,4,4,4,4,4,4,4,4
Real,4,3,4,4,4,4,4,4,5,5,5,5,5
Edeka,2,1,3,3,4,3,4,3,4,4,4,4,4
Edeka,5,4,5,4,4,4,5,4,4,5,5,5,4
Edeka,3,3,3,2,4,4,4,4,2,2,3,4,3
Lidl,3,3,3,3,5,3,4,4,3,3,4,5,3
Rewe,3,4,5,5,5,5,5,5,3,4,4,4,5
Lidl,4,4,4,3,4,4,4,4,3,4,4,4,3
Edeka,1,1,4,4,5,4,4,4,5,5,5,5,5
Kaufland,4,5,5,5,5,5,5,5,5,5,4,5,3
Edeka,4,4,5,4,4,5,4,4,4,4,3,4,4
Lidl,3,3,5,4,5,5,4,4,5,5,5,5,5
Edeka,4,4,3,4,3,3,3,3,3,3,1,2,2
Netto (Rot),5,5,5,5,3,5,4,4,5,5,5,5,5
Kaufland,2,2,4,3,4,3,4,4,3,4,4,4,3
Edeka,4,3,4,5,3,4,3,3,5,5,5,5,5
Lidl,5,3,5,5,5,5,5,5,5,5,5,5,5
Kaufland,4,3,3,3,3,3,3,3,4,4,4,4,4
Edeka,4,3,5,4,5,4,4,3,3,4,4,4,4
Globus,5,5,5,5,5,5,5,5,4,4,4,4,4
Rewe,3,2,4,3,4,4,4,3,4,5,5,5,4
Norma,3,3,5,4,5,5,5,5,4,3,2,3,2
Penny,3,3,4,3,4,4,5,5,5,5,5,5,5
Edeka,3,3,4,3,4,4,4,4,4,4,4,4,4
Rewe,3,3,3,3,3,3,3,3,4,4,2,2,4
Andere,4,2,4,4,4,4,3,4,5,5,4,4,4
Kaufland,5,4,4,5,3,5,2,3,3,3,3,4,4
Globus,5,4,4,5,4,5,4,4,5,5,5,5,5
Aldi Süd,1,3,3,2,4,4,4,4,4,4,5,5,5
Edeka,4,4,4,4,3,4,4,4,4,4,4,4,4
Lidl,5,5,5,5,5,5,5,5,5,5,5,5,5
Real,3,3,4,4,4,4,4,4,5,5,4,4,4
Rewe,3,3,3,3,3,3,3,3,3,3,3,3,3
Lidl,3,4,4,3,3,4,3,3,4,3,3,4,4
Norma,2,3,4,4,4,4,4,4,4,4,3,3,4
Lidl,3,3,4,3,4,4,4,4,4,4,4,3,3
Lidl,4,4,4,5,3,1,1,2,2,2,3,2,2
Tegut,5,5,5,5,4,4,4,4,5,4,5,5,5
Lidl,5,5,5,5,4,5,4,4,5,5,4,5,5
Rewe,3,2,4,4,4,4,5,4,4,4,3,4,4
Lidl,4,1,5,5,5,5,5,4,5,5,3,3,3
Netto (Rot),3,4,4,5,4,4,5,4,4,4,5,5,5
Aldi Nord,5,4,5,4,4,4,4,4,5,5,5,4,4
Rewe,1,2,3,1,3,3,3,3,5,5,4,4,3
Edeka,4,3,5,4,4,4,3,3,3,4,5,3,4
Andere,3,2,4,4,4,4,4,4,4,4,4,4,4
Kaufland,5,5,4,4,4,5,4,4,4,3,5,4,4
Rewe,2,2,3,3,4,4,4,4,3,5,4,4,5
Real,3,3,3,3,3,3,3,3,3,3,3,3,3
Kaufland,4,4,4,4,3,4,4,4,2,2,3,2,3
Edeka,3,3,3,1,5,3,1,5,5,5,5,5,5
Edeka,4,5,4,5,4,5,4,3,4,4,4,4,5
Aldi Nord,4,5,4,4,2,4,4,1,5,4,5,5,5
Aldi Nord,4,3,3,4,4,3,4,4,3,3,4,4,4
Penny,4,5,5,5,4,4,4,3,4,3,4,4,4
Aldi Nord,5,4,5,5,5,5,5,5,5,5,5,5,5
Lidl,3,3,3,3,5,5,4,4,5,4,4,4,4
Lidl,4,3,4,4,4,4,4,4,4,4,3,4,4
Rewe,3,2,4,3,4,5,4,3,4,4,4,3,3
Lidl,3,4,4,3,1,5,5,5,5,5,5,5,5
Kaufland,4,4,4,4,5,4,5,4,4,4,5,5,5
Lidl,4,5,5,5,4,4,3,3,4,4,5,5,5
Edeka,4,4,4,4,4,4,4,3,4,4,4,4,4
Lidl,3,3,5,4,5,5,5,5,5,4,4,5,3
Penny,4,3,3,3,3,5,3,2,3,3,4,4,5
Kaufland,5,3,5,5,4,4,5,3,5,4,3,3,4
Edeka,5,5,5,5,5,5,5,5,4,5,5,5,5
Lidl,3,4,3,5,5,5,5,5,4,3,4,3,2
Aldi Nord,4,2,4,4,4,4,4,4,4,4,1,3,4
Rewe,4,4,4,4,5,5,5,5,4,4,4,4,5
Aldi Süd,3,3,4,3,4,4,4,4,4,4,4,4,4
Lidl,5,4,4,4,2,2,3,3,3,2,5,5,4
Netto (Schwarz),3,3,3,3,3,3,3,4,4,4,4,4,4
Rewe,3,1,4,3,5,5,5,5,4,4,4,5,5
Netto (Rot),4,3,4,5,3,5,5,5,4,4,4,3,4
Edeka,3,4,4,4,3,4,4,3,5,5,5,5,5
Edeka,3,2,3,3,4,4,4,4,4,4,4,4,4
Aldi Süd,3,4,4,3,3,3,4,3,3,2,3,3,3
Netto (Rot),4,3,5,4,5,5,5,5,4,3,5,5,5
Rewe,4,2,4,4,5,4,3,4,4,5,5,5,5
Edeka,3,3,4,4,4,4,4,4,4,5,4,4,4
Aldi Süd,3,3,4,4,4,3,3,4,3,4,4,4,3
Lidl,4,4,5,4,4,4,4,3,4,4,5,4,4
Lidl,2,1,3,3,2,3,3,3,3,3,3,3,3
Lidl,4,3,4,4,5,5,5,5,5,5,4,4,5
Real,3,2,3,3,4,3,4,3,2,4,4,4,3
Lidl,5,5,5,5,4,4,4,4,5,5,3,3,4
Penny,5,5,5,5,4,5,4,4,4,3,5,5,5
Lidl,4,4,4,4,4,4,4,4,4,4,4,3,4
Netto (Rot),4,4,4,4,4,4,3,3,4,4,4,4,4
DM,2,3,3,4,5,5,5,5,5,4,5,5,5
Lidl,5,5,5,4,3,4,4,4,4,4,5,5,4
Rewe,5,4,4,4,5,5,5,4,5,4,4,5,4
Penny,5,5,4,4,4,5,4,4,4,3,3,4,4
Edeka,4,3,3,3,4,4,4,4,4,4,4,4,4
Lidl,3,4,3,4,4,4,4,4,3,3,4,4,4
Lidl,5,5,5,5,3,4,3,3,4,4,4,4,4
Netto (Rot),5,5,5,5,4,5,4,4,5,5,5,4,3
Lidl,2,2,4,3,4,3,3,3,4,3,3,3,3
Kaufland,5,4,4,5,3,3,3,3,4,4,4,4,4
Aldi Süd,3,3,3,3,4,4,4,4,4,4,4,3,4
Netto (Rot),3,3,4,4,3,3,3,3,3,2,4,3,2
Andere,3,2,4,3,4,4,4,4,5,3,4,4,4
Lidl,4,4,3,4,4,4,4,4,4,3,3,5,4
Netto (Rot),3,3,3,3,3,3,3,3,4,3,4,4,4
Netto (Rot),5,4,4,3,4,4,5,4,5,4,3,4,4
Rewe,4,2,4,4,4,5,4,4,4,4,4,4,4
Edeka,3,2,5,5,5,4,4,4,4,5,5,4,5
Lidl,2,2,4,3,4,4,3,4,3,4,5,4,4
Kaufland,4,2,2,2,5,4,4,5,4,4,4,4,4
Rewe,3,4,4,3,4,3,3,4,4,3,3,4,3
Kaufland,3,3,4,3,3,3,3,3,2,3,4,3,3
Aldi Nord,3,4,3,3,4,3,4,4,4,3,4,4,3
Aldi Süd,5,5,5,5,3,4,4,4,4,4,4,4,5
Netto (Schwarz),4,3,4,4,3,4,4,4,4,4,4,4,4
Edeka,2,2,4,3,5,4,5,5,5,5,4,4,3
Lidl,5,4,5,4,4,4,4,3,4,3,4,3,4
Penny,4,4,4,4,4,3,1,4,4,4,1,1,4
Aldi Süd,3,3,5,3,4,4,4,4,4,4,4,4,4
Rewe,5,4,4,5,4,5,4,4,4,5,4,4,4
Lidl,3,3,4,3,3,4,4,3,3,3,3,4,4
Lidl,4,4,4,4,3,4,4,4,5,2,5,4,4
Netto (Rot),5,5,3,2,3,4,4,3,5,4,4,5,5
Lidl,3,3,2,3,5,2,5,4,3,4,2,2,4
Lidl,3,5,5,5,5,5,5,5,5,4,5,3,5
Kaufland,3,3,3,3,3,3,4,4,5,4,5,5,5
Rewe,4,4,4,4,3,3,3,3,3,3,2,3,3
Edeka,1,2,1,1,2,3,4,3,3,1,5,4,4
Edeka,5,5,5,5,4,4,4,4,5,5,5,5,5
Real,2,2,4,4,5,4,4,4,1,1,2,1,2
Netto (Rot),4,4,5,3,4,4,5,4,3,4,4,3,4
Lidl,3,2,3,3,3,3,4,3,4,4,4,4,4
Kaufland,3,4,4,4,4,4,3,3,4,3,4,4,3
Rewe,5,5,4,5,4,5,5,5,4,4,5,5,5
Kaufland,5,3,5,4,3,4,4,4,4,4,5,4,5
Aldi Nord,3,5,5,5,3,3,3,2,4,5,3,3,3
Netto (Rot),4,4,4,5,2,4,2,3,4,5,3,3,2
Lidl,3,3,4,4,3,3,4,3,3,4,3,3,4
Edeka,4,3,4,4,4,4,4,4,4,3,5,4,4
Globus,3,3,4,3,4,4,4,4,5,5,4,5,5
Lidl,2,1,3,2,4,4,5,5,5,5,5,5,5
Kaufland,4,5,4,5,5,5,4,4,5,5,5,4,4
Edeka,3,1,3,3,5,5,5,5,3,4,5,5,4
Netto (Rot),3,3,4,4,3,4,4,3,4,4,4,3,3
Lidl,2,1,3,3,5,4,5,5,3,3,3,2,3
Rewe,4,4,4,4,3,3,4,4,4,4,4,4,4
Aldi Nord,5,3,5,5,4,4,4,4,3,4,4,3,4
Jibi Markt,3,4,2,3,3,3,3,2,3,2,4,3,3
Kaufland,4,5,4,4,1,1,1,1,3,3,3,3,3
Rewe,5,5,5,5,3,3,2,1,4,4,4,5,4
Penny,5,5,5,5,3,4,3,3,4,3,4,4,3
Lidl,3,3,3,3,5,5,5,5,4,4,4,4,4
Aldi Nord,3,3,3,3,4,4,4,3,4,4,4,4,4
Aldi Süd,4,4,4,4,4,4,5,4,4,4,4,4,4
Hit,2,1,3,3,4,3,4,4,5,3,5,5,5
Aldi Süd,2,3,3,2,5,5,3,3,4,4,4,4,4
Penny,3,1,3,2,4,4,4,4,3,3,2,3,4
Aldi Nord,5,5,5,5,4,4,5,5,3,3,4,4,4
Kaufland,2,4,4,4,3,4,4,3,5,5,5,5,5
Aldi Süd,2,5,4,4,4,2,3,1,1,1,3,4,2
Rewe,3,3,5,5,5,5,5,5,4,4,4,3,4
Lidl,3,3,3,3,5,5,4,4,5,4,5,4,5
Lidl,4,4,5,3,4,5,4,5,4,3,4,3,4
Rewe,3,2,3,4,5,4,4,5,5,5,5,5,5
Lidl,1,2,2,1,4,2,3,4,4,3,4,4,4
Rewe,3,3,4,3,2,3,3,2,3,3,3,4,3
Netto (Schwarz),5,5,5,5,5,5,5,5,5,5,5,5,5
Penny,4,3,5,5,4,5,5,5,5,5,4,5,5
Edeka,3,3,4,4,4,4,4,4,4,4,4,5,4
Rewe,4,3,5,3,4,5,4,3,4,3,4,5,4
Aldi Süd,4,3,4,3,3,3,3,2,5,4,5,5,5
Aldi Süd,3,4,5,5,3,4,4,3,4,4,5,4,5
Rewe,5,4,5,5,5,5,5,5,3,4,3,4,3
Hit,5,5,4,5,4,4,3,3,5,4,5,5,5
Lidl,4,5,4,4,4,4,5,3,3,2,5,4,4
Netto (Rot),4,3,4,4,4,4,4,4,4,4,4,4,4
Rewe,4,4,4,4,4,4,4,4,4,4,4,4,4
Kaufland,3,3,4,4,4,3,3,3,1,1,3,1,1
Lidl,4,3,5,4,4,5,4,4,4,5,4,4,5
Amazon,5,5,5,5,5,5,5,4,4,4,4,4,4
Lidl,3,4,3,4,5,5,5,5,4,2,3,3,4
Edeka,3,4,3,3,3,3,4,3,4,4,5,4,4
Norma,4,3,4,4,3,3,3,3,3,3,3,3,3
Aldi Süd,5,3,4,3,4,3,2,3,4,3,3,4,4
Lidl,3,2,3,3,3,4,4,5,3,3,4,4,4
Penny,4,5,4,4,3,5,4,4,5,4,4,5,5
Rewe,4,5,5,5,4,4,4,4,3,4,4,4,5
Rewe,5,2,5,5,5,5,5,5,3,2,4,4,4
Edeka,2,1,3,1,5,5,5,5,5,5,5,5,5
Netto (Rot),5,3,4,4,4,3,4,4,4,4,4,4,5
Edeka,4,3,3,5,5,5,5,5,5,5,4,3,3
Norma,4,1,3,4,5,3,4,3,5,3,5,5,3
Lidl,3,3,3,3,3,4,4,3,4,3,4,4,4
Lidl,4,4,4,4,4,4,4,4,3,3,4,3,3
Rewe,5,5,5,5,5,5,5,5,3,3,4,3,4
Tegut,3,3,4,4,4,4,5,5,4,4,4,4,3
Lidl,3,4,4,3,3,2,2,3,4,4,4,4,4
Rewe,3,3,3,4,4,4,4,4,4,4,4,4,4
Combi,3,2,3,3,4,4,4,4,4,4,3,4,4
Netto (Rot),5,3,5,5,4,4,4,4,2,3,2,3,3
Norma,4,4,4,4,4,4,4,4,4,4,5,4,4
Netto (Rot),4,4,4,4,3,3,3,3,4,4,4,4,4
Kaufland,3,1,5,1,5,5,5,5,4,4,4,4,4
Netto (Rot),2,3,5,4,4,4,4,4,1,3,1,1,1
Lidl,3,3,4,4,4,4,3,4,4,4,4,4,4
Aldi Nord,5,4,5,5,4,5,5,4,5,5,4,5,5
Rewe,5,4,5,5,5,5,5,5,4,4,4,4,4
Rewe,4,3,3,3,3,3,5,3,4,5,5,5,5
Rewe,4,4,4,4,4,4,4,4,5,5,5,5,5
Edeka,4,2,3,4,5,3,4,4,3,3,3,2,2
Lidl,4,3,3,2,4,3,4,5,4,4,3,3,4
Rewe,4,4,4,4,4,4,4,4,4,4,4,4,4
Rewe,3,3,4,4,4,3,3,4,2,3,4,3,3
Kaufland,2,1,3,1,4,4,3,3,4,4,4,4,4
Edeka,3,4,3,4,5,5,4,4,4,4,5,4,4
Netto (Rot),5,3,4,3,2,5,3,3,2,3,4,5,5
Penny,3,4,5,5,4,3,5,4,5,5,5,5,5
Rewe,4,1,5,5,5,5,5,5,5,5,5,5,5
Lidl,3,3,5,5,4,4,4,4,3,3,4,4,4
Netto (Rot),5,5,5,5,4,5,5,5,4,3,5,5,5
Kaufland,4,4,4,4,4,4,4,4,3,4,3,4,4
Aldi Süd,3,3,4,3,4,4,4,4,4,3,3,3,3
Aldi Nord,4,3,4,3,3,4,4,4,3,2,4,4,3
Lidl,5,3,5,4,3,3,3,4,5,4,4,5,4
Lidl,4,4,4,4,3,4,4,4,3,3,4,2,4
Kaufland,1,1,2,2,5,2,4,4,4,5,5,5,5
Aldi Süd,2,2,4,3,4,4,4,4,3,4,4,4,4
Edeka,5,4,5,5,5,5,5,5,5,5,5,5,5
Edeka,1,1,2,2,4,3,4,4,3,3,2,2,1
Andere,1,1,3,2,4,1,4,4,5,5,5,5,5
Netto (Rot),3,2,3,4,5,4,5,5,4,3,4,4,4
Combi,4,3,5,4,4,4,4,4,4,4,4,4,3
Edeka,5,4,5,5,4,5,4,4,5,5,3,4,4
Kaufland,2,2,4,4,5,3,4,4,5,5,5,5,5
Edeka,4,3,4,3,5,5,5,5,3,3,4,4,4
Edeka,2,2,2,2,4,3,3,3,4,4,3,3,3
Norma,3,3,4,4,3,3,4,3,3,3,3,3,4
Lidl,5,5,5,5,1,4,2,3,3,3,3,3,3
Edeka,3,1,3,3,4,3,3,3,4,4,4,4,4
Rewe,3,2,3,4,4,4,5,5,4,4,5,4,5
Kaufland,1,1,3,2,3,3,4,3,4,4,5,4,5
Kaufland,4,5,5,5,4,5,4,4,4,4,3,3,4
Edeka,3,2,4,4,4,4,3,3,3,3,4,4,4
Rewe,4,3,5,4,5,5,5,5,5,5,5,5,5
Kaufland,5,4,4,4,4,4,3,3,3,3,3,4,4
Rewe,1,1,1,1,4,4,4,4,4,4,4,4,4
Lidl,2,2,4,4,4,4,4,4,4,3,4,4,4
Kaufland,4,4,4,4,4,4,4,4,4,4,4,4,4
Edeka,2,2,3,3,4,4,4,3,4,5,5,5,4
Lidl,5,4,5,5,4,4,4,4,5,5,4,5,5
Penny,4,4,4,4,3,4,4,4,3,3,4,3,4
Norma,1,5,4,4,3,4,4,4,4,4,2,4,5
Lidl,4,3,4,4,5,4,4,4,5,5,5,5,5
Real,3,3,3,3,3,3,4,3,5,5,5,5,5
Kaufland,4,4,3,3,3,2,3,3,4,3,4,4,4
Netto (Rot),1,3,4,4,3,3,4,4,4,4,4,4,4
Aldi Nord,4,5,4,4,5,4,4,5,4,4,4,5,4
Rewe,3,2,5,4,5,5,5,5,3,1,3,2,3
Andere,1,1,4,2,4,4,5,4,3,4,4,3,4
Real,3,3,5,5,5,5,5,5,5,5,5,5,5
Penny,4,3,4,4,5,4,5,5,4,4,4,4,4
Netto (Rot),3,2,2,3,4,4,3,3,5,5,5,5,5
Aldi Süd,2,3,3,3,4,3,3,3,5,5,5,5,5
Rewe,1,2,3,5,4,4,5,4,5,5,5,5,5
Alnatura,3,4,4,4,4,4,3,4,4,3,4,3,4
Real,5,5,5,5,5,5,5,5,5,5,5,5,5
Netto (Rot),3,4,5,5,5,4,5,5,4,5,4,5,5
Kaufland,4,4,4,5,3,4,4,4,4,4,3,3,4
Edeka,4,3,3,4,4,3,4,4,3,3,4,4,4
Rewe,3,4,4,2,5,3,2,3,3,5,4,5,4
Rewe,5,5,5,5,5,4,3,3,5,4,4,3,4
Edeka,3,4,4,4,3,4,4,3,3,4,5,4,3
Andere,3,2,3,3,4,4,4,3,5,5,5,5,5
Penny,4,4,3,4,4,4,4,4,3,4,4,3,4
Lidl,5,5,5,5,3,4,4,4,5,5,4,4,5
Rewe,5,5,4,5,3,4,3,3,4,3,4,4,5
Netto (Rot),4,4,4,4,4,4,4,4,5,4,3,3,4
Netto (Rot),3,3,3,3,4,3,3,3,4,4,4,4,4
Aldi Süd,2,3,3,3,5,4,5,5,5,5,5,4,5
Aldi Nord,4,2,2,3,4,4,4,3,5,5,5,5,5
Edeka,2,2,3,3,3,3,3,3,4,4,4,3,4
Netto (Rot),5,5,5,5,5,5,4,4,5,5,5,5,5
Penny,5,4,5,5,5,5,5,5,5,5,5,5,5
Lidl,4,3,4,4,4,4,4,4,4,4,4,4,4
DM,3,3,3,3,3,3,3,3,3,3,3,3,3
Andere,2,4,3,4,3,3,3,2,4,3,5,5,3
Rewe,3,2,5,3,4,4,4,4,4,3,3,4,4
Aldi Nord,3,2,3,4,4,4,3,4,4,3,4,4,3
Penny,5,5,5,5,4,4,4,4,4,4,4,4,4
Edeka,3,4,5,5,3,4,4,4,4,3,4,4,4
Edeka,4,4,4,4,4,4,4,4,4,4,4,4,4
Lidl,4,4,5,4,5,5,4,5,5,5,4,4,4
Aldi Süd,3,3,3,3,5,5,5,5,4,5,4,4,5
Real,4,5,5,5,4,5,2,3,4,3,5,4,4
Rewe,3,2,2,4,3,4,4,3,2,2,2,2,3
Netto (Rot),5,4,5,5,4,4,4,4,3,4,4,4,4
Rewe,4,3,5,4,5,4,5,5,5,5,4,5,5
Lidl,5,5,4,4,5,5,5,5,5,5,5,5,5
Edeka,3,3,5,5,5,5,5,5,5,5,5,5,5
Kaufland,3,3,3,3,4,4,4,4,5,5,5,5,5
Aldi Nord,4,4,5,5,3,3,3,4,5,4,3,4,4
Kaufland,5,5,5,5,4,5,4,3,5,5,4,4,5
Real,4,3,5,5,4,5,4,4,5,5,4,3,4
Lidl,4,3,4,4,5,5,5,5,5,5,5,5,5
Lidl,3,3,3,3,4,4,4,4,5,5,4,4,4
Rewe,5,5,5,5,3,4,4,3,5,5,4,5,3
Kaufland,4,3,4,4,4,4,4,4,4,4,3,3,4
Aldi Nord,5,5,5,4,5,5,5,5,4,5,5,5,5
Kaufland,2,2,3,3,4,4,5,4,3,2,3,3,4
Aldi Nord,3,3,4,4,5,5,5,5,3,3,4,3,4
Edeka,2,4,4,3,1,3,2,1,3,3,3,2,3
Amazon,4,2,3,4,4,4,4,2,2,4,2,3,4
Kaufland,3,3,3,3,3,3,3,3,4,4,4,4,4
Netto (Rot),2,2,3,3,3,2,4,4,3,2,4,4,3
Kaufland,5,5,5,5,3,3,3,3,5,5,5,5,5
Lidl,4,4,4,4,3,4,3,3,5,5,4,4,4
Netto (Rot),5,5,3,3,3,2,2,2,5,1,4,4,4
Aldi Nord,4,4,4,4,3,4,4,3,4,4,4,3,4
Kaufland,5,4,4,4,4,5,5,5,4,4,5,5,5
Rewe,2,2,2,2,4,3,4,4,4,4,4,4,4
Kaufland,3,2,1,3,1,2,2,2,3,2,3,4,2
Edeka,1,1,1,1,2,2,2,2,4,3,4,4,3
Real,2,2,1,2,5,5,4,4,5,2,4,4,5
Lidl,3,3,3,3,4,4,4,4,3,3,4,4,4
Netto (Rot),4,4,4,4,3,3,4,3,3,3,2,3,3
Penny,4,3,3,3,4,3,4,3,4,4,4,4,4
Famila,4,3,3,4,4,4,4,3,5,5,4,4,4
Edeka,2,1,1,1,5,5,5,5,4,4,2,3,4
Rewe,5,4,5,5,4,4,4,3,5,4,4,5,5
Kaufland,3,3,5,4,4,4,5,4,3,4,3,4,5
Netto (Rot),4,5,4,5,4,5,4,5,5,4,5,4,3
Rewe,2,2,3,3,5,5,5,5,3,3,2,2,3
Rewe,1,1,4,3,5,5,5,5,4,4,5,5,5
Lidl,4,3,5,5,1,4,3,5,3,3,2,2,2
Lidl,4,5,5,3,3,3,3,3,5,4,5,4,4
Rewe,3,3,5,4,5,5,5,5,5,1,4,3,4
Aldi Süd,3,3,3,3,5,3,4,4,5,5,5,5,5
Edeka,3,3,4,5,4,4,4,4,5,5,5,5,5
Netto (Rot),3,2,4,3,4,4,4,3,3,4,3,3,3
Real,3,3,3,3,4,4,4,4,4,4,2,2,2
Rewe,1,1,3,3,5,5,5,5,4,4,5,5,5
Lidl,2,3,4,4,4,4,4,4,4,4,4,4,3
Penny,4,4,4,4,4,4,3,3,3,3,4,4,3
Edeka,5,3,4,4,4,5,5,4,4,4,3,4,4
Edeka,4,3,5,5,4,4,4,4,4,4,3,3,4
Kaufland,2,1,3,2,5,4,4,5,3,4,4,5,5
Aldi Nord,4,4,4,4,3,4,3,3,4,4,4,4,4
Kaufland,5,4,5,5,4,5,4,5,5,5,5,5,5
Edeka,5,4,5,5,5,5,5,5,5,5,4,3,5
Edeka,3,2,4,4,5,5,5,5,5,5,5,5,5
Aldi Nord,3,1,4,4,4,4,4,4,3,3,3,4,4
Kaufland,4,4,4,4,5,5,5,5,5,5,5,5,5
Andere,3,2,4,3,3,4,3,3,5,4,5,4,5
Netto (Rot),3,3,3,3,3,3,3,3,3,3,1,1,3
Aldi Nord,3,3,3,3,4,3,3,4,4,4,4,4,4
Edeka,2,2,3,3,5,5,5,5,5,5,5,5,5
Lidl,4,4,3,4,3,4,3,4,2,3,4,3,2
Rewe,5,5,5,5,5,5,4,4,4,5,4,4,4
Kaufland,3,4,4,4,4,4,4,4,3,4,5,5,5
Edeka,2,2,5,5,5,4,4,5,3,3,2,2,4
Lidl,3,4,4,3,3,4,4,2,4,5,5,4,4
Edeka,2,2,3,3,3,4,3,3,4,2,4,4,4
Rewe,5,3,5,5,5,5,4,3,3,2,4,3,3
Aldi Nord,1,1,5,1,5,1,4,3,4,5,5,5,5
Rewe,4,4,4,4,4,4,5,4,4,3,3,4,3
Edeka,4,4,3,4,4,5,5,5,4,4,4,4,4
Edeka,4,5,5,4,5,5,5,5,5,5,5,5,5
Lidl,5,5,5,5,5,5,5,5,5,5,5,5,5
Norma,3,3,4,4,3,3,3,4,4,4,5,4,4
Aldi Süd,1,4,4,4,4,4,5,4,3,2,3,3,2
Edeka,3,3,3,3,4,4,5,3,2,1,1,2,1
Kaufland,3,3,3,3,4,4,4,4,4,4,4,4,4
Famila,5,5,5,5,5,4,4,4,4,4,4,4,4
Lidl,4,4,4,4,4,3,4,3,4,4,4,3,3
Netto (Rot),3,4,5,3,5,5,5,5,3,4,4,4,4
Rewe,2,3,2,2,4,4,4,5,5,4,5,5,5
Real,5,3,3,4,5,4,5,4,4,5,4,5,4
Rewe,3,2,4,3,5,5,5,5,5,5,5,5,5
Rewe,2,2,4,4,4,4,4,3,5,5,5,5,4
Netto (Rot),3,3,4,4,4,4,4,4,4,1,4,4,4
Netto (Rot),5,4,5,5,4,4,4,4,5,4,4,4,5
Edeka,3,3,4,3,3,4,4,4,3,5,4,4,3
Rewe,4,3,4,4,5,4,5,5,4,4,4,4,4
Aldi Süd,1,2,2,2,3,2,4,4,5,5,5,5,5
Rewe,2,2,2,1,3,1,3,2,1,1,2,1,3
Penny,5,5,5,4,4,4,3,3,3,3,4,3,4
Edeka,1,1,2,2,4,4,4,2,1,2,4,2,4
Kaufland,2,3,4,3,5,4,5,5,5,5,5,5,5
Lidl,4,4,4,3,4,3,3,4,3,3,3,3,3
Rewe,2,2,4,3,4,4,4,4,4,4,4,4,4
Penny,5,5,5,5,4,4,4,4,2,1,4,4,3
Rewe,3,3,4,3,2,3,4,3,5,5,5,5,5
Aldi Nord,5,5,5,5,5,5,5,4,5,5,5,5,5
Aldi Süd,2,3,4,4,4,3,3,4,4,5,5,5,4
Netto (Rot),5,4,5,5,4,5,5,5,5,5,5,5,5
Aldi Süd,3,3,4,4,4,4,3,4,4,4,4,4,4
Edeka,3,3,3,3,3,3,3,3,3,3,3,3,3
Netto (Rot),3,4,4,3,4,5,4,4,4,3,4,4,4
Penny,3,3,4,5,4,4,4,4,4,4,4,4,4
Netto (Rot),4,3,5,5,5,4,4,4,2,3,4,4,4
Rewe,3,3,3,3,5,5,5,5,5,3,3,3,2
Aldi Nord,1,1,1,1,4,4,2,3,3,4,5,4,4
Aldi Nord,2,4,4,5,4,4,3,2,5,4,4,5,5
Kaufland,5,5,5,5,3,5,3,3,3,3,4,4,3
Real,3,3,4,4,4,4,4,4,4,4,3,3,4
Aldi Süd,4,4,4,4,4,4,4,4,4,4,4,4,4
Netto (Rot),5,4,5,5,4,3,4,4,3,3,4,4,4
DM,5,4,4,3,4,4,4,4,5,4,4,4,5
Kaufland,3,3,4,4,4,4,3,2,4,5,4,3,2
Edeka,3,2,4,4,3,4,4,4,3,3,4,4,4
Lidl,3,3,3,3,4,4,4,4,4,4,4,4,4
Aldi Nord,2,3,4,3,4,4,4,4,5,5,5,5,5
Kaufland,4,3,4,4,4,4,4,4,2,4,2,3,4
Lidl,4,4,4,4,4,4,4,4,5,5,4,4,4
Kaufland,4,2,3,3,4,4,4,4,3,3,4,4,4
Edeka,3,3,3,3,3,3,3,3,5,5,5,5,5
Lidl,5,5,5,5,4,5,4,4,5,4,4,4,4
Penny,2,2,4,4,4,4,4,4,3,4,5,5,5
Edeka,3,2,4,3,4,4,4,4,4,4,3,4,4
Kaufland,3,3,4,4,5,4,4,4,2,3,4,4,4
Real,3,4,4,4,3,4,3,2,5,5,5,5,5
Aldi Nord,2,2,4,3,4,4,4,4,4,3,4,3,3
Penny,4,4,4,4,2,3,3,4,2,3,2,3,2
Kaufland,4,2,2,2,4,4,4,4,4,4,4,4,4
Kaufland,4,1,5,5,1,1,1,1,4,4,4,4,4
Aldi Nord,3,3,3,2,4,4,4,4,3,3,4,3,3
Edeka,4,3,4,4,4,4,4,3,4,5,5,5,4
Aldi Nord,3,3,3,3,4,4,3,4,3,3,4,3,3
Netto (Rot),2,3,4,4,4,4,4,4,3,3,4,4,4
Edeka,3,3,4,4,5,3,4,3,3,3,4,4,3
Edeka,2,3,3,3,5,5,5,5,5,4,5,5,5
Rewe,4,3,4,4,4,4,5,5,4,3,4,4,4
Rewe,4,4,3,3,4,3,4,4,3,2,4,3,4
Edeka,5,3,5,4,5,4,4,4,5,5,5,5,5
Edeka,1,1,4,3,5,5,5,5,5,5,5,5,5
Rewe,4,1,5,3,4,5,5,3,3,4,5,3,4
Rewe,4,2,2,4,4,3,5,5,5,5,5,5,5
Lidl,3,4,2,2,3,3,3,3,3,3,4,4,2
Rewe,3,2,5,5,5,5,5,5,4,4,5,5,5
Rewe,3,3,3,4,3,4,4,4,4,4,4,4,4
Edeka,5,5,5,5,4,4,3,3,4,1,1,1,1
Edeka,4,1,4,4,5,4,5,5,4,5,5,5,5
Globus,3,4,3,3,3,3,3,4,3,4,3,4,4
Norma,2,2,3,4,5,4,4,4,5,2,5,5,5
Kaufland,4,3,5,3,4,3,5,4,5,3,5,4,5
Netto (Rot),3,3,4,4,4,4,3,4,2,2,3,2,3
Rewe,4,1,3,3,5,5,5,5,4,4,5,5,4
Lidl,5,3,3,5,5,5,5,5,5,5,5,5,5
Kaufland,3,2,4,4,4,4,4,4,3,4,3,3,4
Rewe,4,3,4,4,4,4,4,4,4,4,4,4,4
Lidl,3,3,4,4,4,4,3,3,4,4,5,4,4
Lidl,5,4,4,4,3,3,3,3,5,5,5,5,5
Famila,4,3,3,3,3,3,3,3,5,5,5,5,5
Edeka,3,4,4,3,4,5,4,4,4,3,4,4,4
Andere,3,3,3,4,4,4,4,3,3,2,4,4,3
Rewe,3,3,3,3,4,3,5,4,5,5,5,5,5
Netto (Rot),5,5,5,5,5,5,5,5,5,2,2,3,5
Rewe,3,2,2,2,5,3,5,5,4,5,4,4,5
Netto (Rot),3,2,5,4,5,5,5,5,3,3,3,3,3
Edeka,2,2,3,3,4,4,3,4,4,3,4,4,4
Edeka,4,1,3,3,5,5,5,5,5,5,5,5,5
Lidl,4,3,4,4,4,5,5,4,4,4,5,4,4
Lidl,2,5,5,4,4,5,4,4,5,5,5,5,5
Kaufland,4,4,4,4,4,4,4,4,3,4,3,4,4
Penny,4,3,5,4,4,3,5,4,3,2,3,4,4
Aldi Nord,5,5,5,5,4,4,4,4,4,4,3,4,5
Kaufland,3,2,4,4,4,5,4,5,4,4,1,4,4
Lidl,2,3,4,3,5,4,5,5,5,5,5,5,5
Norma,3,5,5,5,4,4,2,2,4,4,4,4,5
Edeka,4,2,3,3,5,5,5,4,5,5,5,5,5
Rewe,5,1,5,4,4,4,5,4,4,4,1,4,4
Kaufland,3,4,3,4,4,3,4,3,4,5,5,5,5
Rewe,3,2,3,2,5,5,5,5,4,4,4,4,4
Penny,5,5,5,5,4,4,4,4,5,5,4,4,4
Rewe,3,4,5,4,4,3,3,3,5,5,3,3,4
Lidl,4,3,5,5,5,5,5,5,2,2,1,1,2
Edeka,2,3,4,4,4,4,4,4,3,3,3,2,4
Globus,5,4,5,5,4,5,5,5,3,5,4,5,5
Rewe,5,3,5,5,5,5,5,5,3,3,3,3,3
Globus,4,2,4,4,5,5,5,5,3,4,5,5,5
Rewe,5,5,5,5,3,5,4,3,3,3,2,2,2
Netto (Rot),5,5,5,5,3,5,5,3,4,4,4,4,4
Kaufland,3,3,3,3,5,5,3,3,3,3,4,4,4
Aldi Süd,2,3,4,4,3,4,4,4,5,5,5,5,5
Edeka,5,5,5,5,4,4,4,4,5,5,4,4,4
Kaufland,5,5,4,4,4,5,4,3,2,3,5,4,4
Rewe,5,3,4,4,3,3,3,3,3,3,3,4,4
Aldi Süd,5,5,5,5,4,4,4,4,5,5,5,5,5
Netto (Rot),4,3,4,3,4,4,4,4,5,4,5,5,5
Rewe,3,3,4,3,4,3,4,4,3,4,4,4,3
Lidl,4,4,3,4,4,4,4,5,4,4,4,5,4
Lidl,5,3,5,3,5,5,5,5,5,2,5,5,5
Rewe,2,2,3,3,4,4,4,4,5,5,4,4,5
Lidl,3,3,3,4,4,4,4,4,5,5,5,5,5
Norma,2,3,4,4,4,3,4,4,5,5,5,4,5
Kaufland,3,3,4,3,4,4,4,4,5,3,4,4,4
Lidl,3,4,4,3,2,2,3,4,4,4,4,5,4
Kaufland,3,3,3,5,5,5,5,5,4,4,5,1,4
Edeka,3,4,5,4,5,5,5,5,3,2,4,4,4
Lidl,4,5,3,4,3,4,3,3,3,3,3,3,4
Real,3,2,2,2,4,4,4,4,4,4,4,4,4
Netto (Rot),4,3,4,5,4,5,4,4,3,3,4,4,4
Edeka,3,5,5,5,4,4,3,2,5,5,5,5,5
Real,3,3,4,4,5,5,5,5,3,4,3,3,4
Lidl,5,5,4,5,5,5,4,4,5,5,4,4,4
Kaufland,4,4,5,4,3,4,4,3,3,4,4,5,5
Netto (Rot),4,3,3,3,4,3,3,2,5,5,5,5,4
Edeka,2,1,3,4,4,4,4,4,4,3,3,4,4
Lidl,2,2,3,2,4,4,4,4,5,5,5,5,5
Rewe,1,2,3,2,4,4,4,3,5,3,5,5,5
Kaufland,5,5,5,5,4,4,4,4,3,4,4,4,4
Edeka,2,2,5,4,5,4,5,4,5,5,4,4,5
Real,5,4,4,5,4,5,4,4,4,4,2,3,4
Globus,2,2,3,2,4,3,5,5,4,4,3,3,3
Aldi Süd,5,5,4,4,3,4,4,4,4,4,4,4,4
Penny,5,5,5,5,5,5,5,5,5,5,5,5,5
Netto (Rot),4,4,4,4,5,4,4,4,4,4,4,4,4
Edeka,4,4,4,4,4,4,4,4,4,4,4,4,4
Lidl,4,5,2,3,2,3,4,2,5,5,5,5,5
Kaufland,3,3,5,4,5,4,5,5,5,5,4,4,4
Kaufland,3,5,5,5,5,5,3,5,4,5,4,3,5
Rewe,2,2,1,1,3,3,2,2,4,5,5,5,4
Lidl,4,4,5,5,5,5,5,5,3,3,4,3,4
Edeka,3,3,3,3,3,4,3,4,4,4,4,4,4
Netto (Rot),5,5,4,4,4,4,4,3,4,4,5,5,5
Edeka,3,3,3,3,4,3,3,3,4,4,4,4,4
